/*!40101 SET @OLD_CHARACTER_SET_CLIENT=@@CHARACTER_SET_CLIENT */;
/*!40101 SET NAMES utf8 */;
/*!50503 SET NAMES utf8mb4 */;
/*!40103 SET @OLD_TIME_ZONE=@@TIME_ZONE */;
/*!40103 SET TIME_ZONE='+00:00' */;
/*!40014 SET @OLD_FOREIGN_KEY_CHECKS=@@FOREIGN_KEY_CHECKS, FOREIGN_KEY_CHECKS=0 */;
/*!40101 SET @OLD_SQL_MODE=@@SQL_MODE, SQL_MODE='NO_AUTO_VALUE_ON_ZERO' */;
/*!40111 SET @OLD_SQL_NOTES=@@SQL_NOTES, SQL_NOTES=0 */;

DROP DATABASE IF EXISTS `s022`;
CREATE DATABASE IF NOT EXISTS `s022` /*!40100 DEFAULT CHARACTER SET utf8mb3 COLLATE utf8mb3_croatian_ci */ /*!80016 DEFAULT ENCRYPTION='N' */;
USE `s022`;

DROP TABLE IF EXISTS `a_department`;
CREATE TABLE IF NOT EXISTS `a_department` (
  `id` varchar(255) NOT NULL,
  `create_by` varchar(255) DEFAULT NULL,
  `create_time` datetime(6) DEFAULT NULL,
  `del_flag` int DEFAULT NULL,
  `update_by` varchar(255) DEFAULT NULL,
  `update_time` datetime(6) DEFAULT NULL,
  `parent_id` varchar(255) DEFAULT NULL,
  `sort_order` decimal(10,2) DEFAULT NULL,
  `status` int DEFAULT NULL,
  `title` varchar(255) DEFAULT NULL,
  `is_parent` bit(1) DEFAULT NULL,
  PRIMARY KEY (`id`)
) ENGINE=InnoDB DEFAULT CHARSET=utf8mb3;

DELETE FROM `a_department`;
INSERT INTO `a_department` (`id`, `create_by`, `create_time`, `del_flag`, `update_by`, `update_time`, `parent_id`, `sort_order`, `status`, `title`, `is_parent`) VALUES
	('1464487288363945985', 'admin', '2022-03-20 09:46:20.000000', 0, 'admin', '2022-03-20 09:46:20.000000', '0', 1.00, 0, '部门A', b'0'),
	('1464487332064399361', 'admin', '2022-03-20 09:46:20.000000', 0, 'admin', '2022-03-20 09:46:20.000000', '0', 2.00, 0, '部门B', b'0'),
	('1464487379074158593', 'admin', '2022-03-20 09:46:20.000000', 0, 'admin', '2022-03-20 09:46:20.000000', '0', 3.00, 0, '部门C', b'0');

DROP TABLE IF EXISTS `a_department_header`;
CREATE TABLE IF NOT EXISTS `a_department_header` (
  `id` varchar(255) NOT NULL,
  `create_by` varchar(255) DEFAULT NULL,
  `create_time` datetime(6) DEFAULT NULL,
  `del_flag` int NOT NULL,
  `update_by` varchar(255) DEFAULT NULL,
  `update_time` datetime(6) DEFAULT NULL,
  `department_id` varchar(255) DEFAULT NULL,
  `type` int DEFAULT NULL,
  `user_id` varchar(255) DEFAULT NULL,
  PRIMARY KEY (`id`)
) ENGINE=InnoDB DEFAULT CHARSET=utf8mb3;

DELETE FROM `a_department_header`;

DROP TABLE IF EXISTS `a_dict`;
CREATE TABLE IF NOT EXISTS `a_dict` (
  `id` varchar(255) NOT NULL,
  `create_by` varchar(255) DEFAULT NULL,
  `create_time` datetime(6) DEFAULT NULL,
  `del_flag` int NOT NULL,
  `update_by` varchar(255) DEFAULT NULL,
  `update_time` datetime(6) DEFAULT NULL,
  `description` varchar(255) DEFAULT NULL,
  `title` varchar(255) DEFAULT NULL,
  `type` varchar(255) DEFAULT NULL,
  `sort_order` decimal(10,2) DEFAULT NULL,
  PRIMARY KEY (`id`)
) ENGINE=InnoDB DEFAULT CHARSET=utf8mb3;

DELETE FROM `a_dict`;
INSERT INTO `a_dict` (`id`, `create_by`, `create_time`, `del_flag`, `update_by`, `update_time`, `description`, `title`, `type`, `sort_order`) VALUES
	('1536612750841745408', 'admin', '2022-06-14 15:33:23.000000', 0, NULL, NULL, '', '学历', 'education', 3.00),
	('1536613395229446144', 'admin', '2022-06-14 15:35:57.000000', 0, NULL, NULL, '', '在职状态', 'occupationStatus', 4.00),
	('1624589984017289216', 'admin', '2023-02-12 10:03:30.000000', 0, NULL, NULL, '', '建设单位', 'constructionUnit', 0.00),
	('1624590146231996416', 'admin', '2023-02-12 10:04:09.000000', 0, NULL, NULL, '', '项目类型1', 'projextType1', 0.00),
	('1624590342005329920', 'admin', '2023-02-12 10:04:56.000000', 0, 'admin', '2023-02-12 10:07:00.000000', '', '项目类型2A', 'projextType2A', 0.00),
	('1624590372862824448', 'admin', '2023-02-12 10:05:03.000000', 0, '', NULL, '', '项目类别', 'projextType', 0.00),
	('1624590904297918464', 'admin', '2023-02-12 10:07:10.000000', 0, '', NULL, '', '项目类型2B', 'projextType2B', 0.00),
	('1624591455651762176', 'admin', '2023-02-12 10:09:21.000000', 0, '', NULL, '', '项目状态', 'projectStatus', 0.00),
	('1624591664217722880', 'admin', '2023-02-12 10:10:11.000000', 0, '', NULL, '', '项目评分', 'projectStar', 0.00),
	('1624592485462446080', 'admin', '2023-02-12 10:13:27.000000', 0, '', NULL, '', '是否重点项目', 'zhongFlag', 0.00),
	('1624603715350695936', 'admin', '2023-02-12 10:58:04.000000', 0, NULL, NULL, '', '完成状态', 'finishStatus', 0.00),
	('1624604678950096896', 'admin', '2023-02-12 11:01:54.000000', 0, '', NULL, '', '竣工资料制作状态', 'data28', 0.00),
	('1624614320849686528', 'admin', '2023-02-12 11:40:13.000000', 0, NULL, NULL, '', '计量单位', 'unit', 0.00),
	('1624657463993307136', 'admin', '2023-02-12 14:31:39.000000', 0, NULL, NULL, '', '工程交接状态', 'data45', 0.00),
	('1624657653022199808', 'admin', '2023-02-12 14:32:24.000000', 0, '', NULL, '', '安全等级', 'data42', 0.00),
	('1624662402178093056', 'admin', '2023-02-12 14:51:16.000000', 0, NULL, NULL, '', '竣工资料审核状态', 'data53', 0.00),
	('75135930788220928', 'admin', '2022-03-20 09:46:20.000000', 0, 'admin', '2022-03-20 09:46:20.000000', '', '性别', 'sex', 0.00),
	('75388696739713024', 'admin', '2022-03-20 09:46:20.000000', 0, 'admin', '2022-03-20 09:46:20.000000', '', '分权限', 'permission_type', 2.00);

DROP TABLE IF EXISTS `a_dict_data`;
CREATE TABLE IF NOT EXISTS `a_dict_data` (
  `id` varchar(255) NOT NULL,
  `create_by` varchar(255) DEFAULT NULL,
  `create_time` datetime(6) DEFAULT NULL,
  `del_flag` int NOT NULL,
  `update_by` varchar(255) DEFAULT NULL,
  `update_time` datetime(6) DEFAULT NULL,
  `description` varchar(255) DEFAULT NULL,
  `dict_id` varchar(255) DEFAULT NULL,
  `sort_order` decimal(10,2) DEFAULT NULL,
  `status` int DEFAULT NULL,
  `title` varchar(255) DEFAULT NULL,
  `value` varchar(255) DEFAULT NULL,
  PRIMARY KEY (`id`),
  KEY `sort_order` (`sort_order`) USING BTREE
) ENGINE=InnoDB DEFAULT CHARSET=utf8mb3;

DELETE FROM `a_dict_data`;
INSERT INTO `a_dict_data` (`id`, `create_by`, `create_time`, `del_flag`, `update_by`, `update_time`, `description`, `dict_id`, `sort_order`, `status`, `title`, `value`) VALUES
	('1536612796106674176', 'admin', '2022-06-14 15:33:34.000000', 0, NULL, NULL, '', '1536612750841745408', 1.00, 0, '博士', '博士'),
	('1536612834962706432', 'admin', '2022-06-14 15:33:43.000000', 0, NULL, NULL, '', '1536612750841745408', 2.00, 0, '硕士', '硕士'),
	('1536612883465637888', 'admin', '2022-06-14 15:33:55.000000', 0, 'admin', '2022-06-14 15:34:13.000000', '', '1536612750841745408', 3.00, 0, '本科', '本科'),
	('1536612930576060416', 'admin', '2022-06-14 15:34:06.000000', 0, 'admin', '2022-06-14 15:34:11.000000', '', '1536612750841745408', 4.00, 0, '专科', '专科'),
	('1536612993519980544', 'admin', '2022-06-14 15:34:21.000000', 0, '', NULL, '', '1536612750841745408', 5.00, 0, '高中及以下', '高中及以下'),
	('1536613425902391296', 'admin', '2022-06-14 15:36:04.000000', 0, NULL, NULL, '', '1536613395229446144', 1.00, 0, '在职', '在职'),
	('1536613447544999936', 'admin', '2022-06-14 15:36:09.000000', 0, NULL, NULL, '', '1536613395229446144', 2.00, 0, '离职', '离职'),
	('1624590419281186816', 'admin', '2023-02-12 10:05:14.000000', 0, NULL, NULL, '', '1624589984017289216', 1.00, 0, '浙江AA有限公司', '浙江AA有限公司'),
	('1624590457935892480', 'admin', '2023-02-12 10:05:23.000000', 0, NULL, NULL, '', '1624589984017289216', 2.00, 0, '浙江BB有限公司', '浙江BB有限公司'),
	('1624590487262466048', 'admin', '2023-02-12 10:05:30.000000', 0, NULL, NULL, '', '1624589984017289216', 3.00, 0, '浙江CC有限公司', '浙江CC有限公司'),
	('1624590510872203264', 'admin', '2023-02-12 10:05:36.000000', 0, NULL, NULL, '', '1624589984017289216', 4.00, 0, '浙江DD有限公司', '浙江DD有限公司'),
	('1624590558745989120', 'admin', '2023-02-12 10:05:47.000000', 0, NULL, NULL, '', '1624590146231996416', 1.00, 0, '中压', '中压'),
	('1624590585849581568', 'admin', '2023-02-12 10:05:54.000000', 0, NULL, NULL, '', '1624590146231996416', 2.00, 0, '居民', '居民'),
	('1624590614647672832', 'admin', '2023-02-12 10:06:01.000000', 0, NULL, NULL, '', '1624590146231996416', 3.00, 0, '非居民', '非居民'),
	('1624590642720149504', 'admin', '2023-02-12 10:06:07.000000', 0, NULL, NULL, '', '1624590146231996416', 4.00, 0, '改线', '改线'),
	('1624590667827253248', 'admin', '2023-02-12 10:06:13.000000', 0, NULL, NULL, '', '1624590146231996416', 5.00, 0, '换阀', '换阀'),
	('1624590693332815872', 'admin', '2023-02-12 10:06:19.000000', 0, NULL, NULL, '', '1624590146231996416', 6.00, 0, '报警器', '报警器'),
	('1624590718326673408', 'admin', '2023-02-12 10:06:25.000000', 0, NULL, NULL, '', '1624590146231996416', 7.00, 0, '次高压', '次高压'),
	('1624590747250593792', 'admin', '2023-02-12 10:06:32.000000', 0, NULL, NULL, '', '1624590146231996416', 8.00, 0, '封堵/拆除', '封堵/拆除'),
	('1624590773196558336', 'admin', '2023-02-12 10:06:38.000000', 0, NULL, NULL, '', '1624590146231996416', 9.00, 0, '顶管', '顶管'),
	('1624590799062831104', 'admin', '2023-02-12 10:06:45.000000', 0, NULL, NULL, '', '1624590146231996416', 10.00, 0, '抢险', '抢险'),
	('1624590937051238400', 'admin', '2023-02-12 10:07:18.000000', 0, NULL, NULL, '', '1624590342005329920', 1.00, 0, '零散户', '零散户'),
	('1624590964163219456', 'admin', '2023-02-12 10:07:24.000000', 0, NULL, NULL, '', '1624590342005329920', 2.00, 0, '非零散户', '非零散户'),
	('1624590998724284416', 'admin', '2023-02-12 10:07:32.000000', 0, NULL, NULL, '', '1624590904297918464', 1.00, 0, '学校', '学校'),
	('1624591023554564096', 'admin', '2023-02-12 10:07:38.000000', 0, NULL, NULL, '', '1624590904297918464', 2.00, 0, '锅炉', '锅炉'),
	('1624591047533400064', 'admin', '2023-02-12 10:07:44.000000', 0, NULL, NULL, '', '1624590904297918464', 3.00, 0, '商业', '商业'),
	('1624591070748872704', 'admin', '2023-02-12 10:07:49.000000', 0, NULL, NULL, '', '1624590904297918464', 4.00, 0, '公福', '公福'),
	('1624591195051266048', 'admin', '2023-02-12 10:08:19.000000', 0, NULL, NULL, '', '1624590372862824448', 1.00, 0, '中压', '中压'),
	('1624591215548829696', 'admin', '2023-02-12 10:08:24.000000', 0, NULL, NULL, '', '1624590372862824448', 2.00, 0, '低压', '低压'),
	('1624591251481432064', 'admin', '2023-02-12 10:08:32.000000', 0, NULL, NULL, '', '1624590372862824448', 3.00, 0, '报警器', '报警器'),
	('1624591273459585024', 'admin', '2023-02-12 10:08:38.000000', 0, NULL, NULL, '', '1624590372862824448', 4.00, 0, '球阀', '球阀'),
	('1624591298596048896', 'admin', '2023-02-12 10:08:44.000000', 0, NULL, NULL, '', '1624590372862824448', 5.00, 0, '零散户', '零散户'),
	('1624591320419012608', 'admin', '2023-02-12 10:08:49.000000', 0, NULL, NULL, '', '1624590372862824448', 6.00, 0, '顶管', '顶管'),
	('1624591343135363072', 'admin', '2023-02-12 10:08:54.000000', 0, NULL, NULL, '', '1624590372862824448', 7.00, 0, '换阀', '换阀'),
	('1624591371740516352', 'admin', '2023-02-12 10:09:01.000000', 0, NULL, NULL, '', '1624590372862824448', 8.00, 0, '封堵/拆除', '封堵/拆除'),
	('1624591394830159872', 'admin', '2023-02-12 10:09:07.000000', 0, NULL, NULL, '', '1624590372862824448', 9.00, 0, '抢险', '抢险'),
	('1624591504620261376', 'admin', '2023-02-12 10:09:33.000000', 0, NULL, NULL, '', '1624591455651762176', 1.00, 0, '正常', '正常'),
	('1624591532847927296', 'admin', '2023-02-12 10:09:40.000000', 0, NULL, NULL, '', '1624591455651762176', 2.00, 0, '待审核', '待审核'),
	('1624591560815546368', 'admin', '2023-02-12 10:09:46.000000', 0, NULL, NULL, '', '1624591455651762176', 3.00, 0, '删除', '删除'),
	('1624591713551126528', 'admin', '2023-02-12 10:10:23.000000', 0, NULL, NULL, '', '1624591664217722880', 1.00, 0, '10', '10'),
	('1624591736875651072', 'admin', '2023-02-12 10:10:28.000000', 0, NULL, NULL, '', '1624591664217722880', 2.00, 0, '9', '9'),
	('1624591751048204288', 'admin', '2023-02-12 10:10:32.000000', 0, NULL, NULL, '', '1624591664217722880', 3.00, 0, '8', '8'),
	('1624591766739095552', 'admin', '2023-02-12 10:10:35.000000', 0, NULL, NULL, '', '1624591664217722880', 4.00, 0, '7', '7'),
	('1624591782258020352', 'admin', '2023-02-12 10:10:39.000000', 0, NULL, NULL, '', '1624591664217722880', 5.00, 0, '6', '6'),
	('1624591816340934656', 'admin', '2023-02-12 10:10:47.000000', 0, NULL, NULL, '', '1624591664217722880', 6.00, 0, '5', '5'),
	('1624591834439356416', 'admin', '2023-02-12 10:10:51.000000', 0, NULL, NULL, '', '1624591664217722880', 7.00, 0, '4', '4'),
	('1624591851652780032', 'admin', '2023-02-12 10:10:56.000000', 0, NULL, NULL, '', '1624591664217722880', 8.00, 0, '3', '3'),
	('1624591865615618048', 'admin', '2023-02-12 10:10:59.000000', 0, NULL, NULL, '', '1624591664217722880', 9.00, 0, '2', '2'),
	('1624591884573872128', 'admin', '2023-02-12 10:11:03.000000', 0, NULL, NULL, '', '1624591664217722880', 10.00, 0, '1', '1'),
	('1624592514868711424', 'admin', '2023-02-12 10:13:34.000000', 0, NULL, NULL, '', '1624592485462446080', 1.00, 0, '是', '是'),
	('1624592533285900288', 'admin', '2023-02-12 10:13:38.000000', 0, NULL, NULL, '', '1624592485462446080', 2.00, 0, '否', '否'),
	('1624603753112014848', 'admin', '2023-02-12 10:58:13.000000', 0, NULL, NULL, '', '1624603715350695936', 1.00, 0, '完成', '完成'),
	('1624603777581584384', 'admin', '2023-02-12 10:58:19.000000', 0, NULL, NULL, '', '1624603715350695936', 2.00, 0, '未完成', '未完成'),
	('1624604734981804032', 'admin', '2023-02-12 11:02:07.000000', 0, NULL, NULL, '', '1624604678950096896', 1.00, 0, '未做', '未做'),
	('1624604760839688192', 'admin', '2023-02-12 11:02:13.000000', 0, NULL, NULL, '', '1624604678950096896', 2.00, 0, '在做', '在做'),
	('1624604781811208192', 'admin', '2023-02-12 11:02:18.000000', 0, NULL, NULL, '', '1624604678950096896', 3.00, 0, '签字', '签字'),
	('1624604804590473216', 'admin', '2023-02-12 11:02:24.000000', 0, NULL, NULL, '', '1624604678950096896', 4.00, 0, '整理', '整理'),
	('1624604829022294016', 'admin', '2023-02-12 11:02:30.000000', 0, NULL, NULL, '', '1624604678950096896', 5.00, 0, '移交', '移交'),
	('1624614354362175488', 'admin', '2023-02-12 11:40:21.000000', 0, NULL, NULL, '', '1624614320849686528', 1.00, 0, '个', '个'),
	('1624614376264830976', 'admin', '2023-02-12 11:40:26.000000', 0, NULL, NULL, '', '1624614320849686528', 2.00, 0, '张', '张'),
	('1624614395248250880', 'admin', '2023-02-12 11:40:30.000000', 0, NULL, NULL, '', '1624614320849686528', 3.00, 0, '把', '把'),
	('1624614422192459776', 'admin', '2023-02-12 11:40:37.000000', 0, NULL, NULL, '', '1624614320849686528', 4.00, 0, '台', '台'),
	('1624614479998357504', 'admin', '2023-02-12 11:40:51.000000', 0, NULL, NULL, '', '1624614320849686528', 5.00, 0, '包', '包'),
	('1624657498394988544', 'admin', '2023-02-12 14:31:47.000000', 0, NULL, NULL, '', '1624657463993307136', 1.00, 0, '已通气', '已通气'),
	('1624657519274233856', 'admin', '2023-02-12 14:31:52.000000', 0, NULL, NULL, '', '1624657463993307136', 2.00, 0, '已交接', '已交接'),
	('1624657701453828096', 'admin', '2023-02-12 14:32:35.000000', 0, NULL, NULL, '', '1624657653022199808', 1.00, 0, '合格', '合格'),
	('1624657723931103232', 'admin', '2023-02-12 14:32:41.000000', 0, NULL, NULL, '', '1624657653022199808', 2.00, 0, '整改', '整改'),
	('1624657744671936512', 'admin', '2023-02-12 14:32:46.000000', 0, NULL, NULL, '', '1624657653022199808', 3.00, 0, '未检', '未检'),
	('1624662482209607680', 'admin', '2023-02-12 14:51:35.000000', 0, NULL, NULL, '', '1624662402178093056', 1.00, 0, '正在审核', '正在审核'),
	('1624662504418447360', 'admin', '2023-02-12 14:51:41.000000', 0, NULL, NULL, '', '1624662402178093056', 2.00, 0, '审核完成', '审核完成'),
	('1624662532520284160', 'admin', '2023-02-12 14:51:47.000000', 0, NULL, NULL, '', '1624662402178093056', 3.00, 0, '审核完成', '审核完成'),
	('75158227712479232', 'admin', '2022-03-20 09:46:20.000000', 0, 'admin', '2022-03-20 09:46:20.000000', '', '75135930788220928', 0.00, 0, '男', '男'),
	('75159254272577536', 'admin', '2022-03-20 09:46:20.000000', 0, 'admin', '2022-03-20 09:46:20.000000', '', '75135930788220928', 1.00, 0, '女', '女'),
	('75159898425397248', 'admin', '2022-03-20 09:46:20.000000', 0, 'admin', '2022-03-20 09:46:20.000000', '', '75135930788220928', 2.00, -1, '保密', '保密'),
	('75390886501945344', 'admin', '2022-03-20 09:46:20.000000', 0, 'admin', '2022-03-20 09:46:20.000000', '', '75388696739713024', 1.00, 0, '添加操作(add)', 'add'),
	('75390993939042304', 'admin', '2022-03-20 09:46:20.000000', 0, 'admin', '2022-03-20 09:46:20.000000', '', '75388696739713024', 2.00, 0, '编辑操作(edit)', 'edit'),
	('75391067532300288', 'admin', '2022-03-20 09:46:20.000000', 0, 'admin', '2022-03-20 09:46:20.000000', '', '75388696739713024', 3.00, 0, '删除操作(delete)', 'delete'),
	('75391126902673408', 'admin', '2022-03-20 09:46:20.000000', 0, 'admin', '2022-03-20 09:46:20.000000', '', '75388696739713024', 4.00, 0, '清空操作(clear)', 'clear'),
	('75391192883269632', 'admin', '2022-03-20 09:46:20.000000', 0, 'admin', '2022-03-20 09:46:20.000000', '', '75388696739713024', 5.00, 0, '启用操作(enable)', 'enable'),
	('75391251024711680', 'admin', '2022-03-20 09:46:20.000000', 0, 'admin', '2022-03-20 09:46:20.000000', '', '75388696739713024', 6.00, 0, '禁用操作(disable)', 'disable'),
	('75391297124306944', 'admin', '2022-03-20 09:46:20.000000', 0, 'admin', '2022-03-20 09:46:20.000000', '', '75388696739713024', 7.00, 0, '搜索操作(search)', 'search'),
	('75391343379091456', 'admin', '2022-03-20 09:46:20.000000', 0, 'admin', '2022-03-20 09:46:20.000000', '', '75388696739713024', 8.00, 0, '上传文件(upload)', 'upload'),
	('75391407526776832', 'admin', '2022-03-20 09:46:20.000000', 0, 'admin', '2022-03-20 09:46:20.000000', '', '75388696739713024', 9.00, 0, '导出操作(output)', 'output'),
	('75391475042488320', 'admin', '2022-03-20 09:46:20.000000', 0, 'admin', '2022-03-20 09:46:20.000000', '', '75388696739713024', 10.00, 0, '导入操作(input)', 'input');

DROP TABLE IF EXISTS `a_file`;
CREATE TABLE IF NOT EXISTS `a_file` (
  `id` varchar(255) NOT NULL,
  `create_by` varchar(255) DEFAULT NULL,
  `create_time` datetime(6) DEFAULT NULL,
  `del_flag` int NOT NULL,
  `update_by` varchar(255) DEFAULT NULL,
  `update_time` datetime(6) DEFAULT NULL,
  `name` varchar(255) DEFAULT NULL,
  `size` bigint unsigned DEFAULT NULL,
  `type` varchar(255) DEFAULT NULL,
  `url` varchar(255) DEFAULT NULL,
  `f_key` varchar(255) DEFAULT NULL,
  `location` int DEFAULT NULL,
  PRIMARY KEY (`id`),
  KEY `create_time` (`create_time`) USING BTREE
) ENGINE=InnoDB DEFAULT CHARSET=utf8mb3;

DELETE FROM `a_file`;
INSERT INTO `a_file` (`id`, `create_by`, `create_time`, `del_flag`, `update_by`, `update_time`, `name`, `size`, `type`, `url`, `f_key`, `location`) VALUES
	('1663718815558668288', 'admin', '2023-05-31 09:27:31.000000', 0, NULL, NULL, '头像V2.png', 169931, 'image/png', 'C:\\\\oa-file/20230531/864d0a82f9b74402a6d0d825eb24d2b9.png', '864d0a82f9b74402a6d0d825eb24d2b9.png', 0),
	('1663726644403245056', 'admin', '2023-05-31 09:58:37.238000', 0, NULL, NULL, '1680233479380_a72b67c28ce9442e5d220d11b0b4fddd.png', 312953, 'image/png', 'C:\\\\oa-file/20230531/cc07dec3cf4a48f3a90fc5f4f59f4573.png', 'cc07dec3cf4a48f3a90fc5f4f59f4573.png', 0),
	('1663726667207675904', 'admin', '2023-05-31 09:58:42.671000', 0, NULL, NULL, 'SQLite封面.png', 65907, 'image/png', 'C:\\\\oa-file/20230531/5b4a665aa08d44928a931dbe07f7950e.png', '5b4a665aa08d44928a931dbe07f7950e.png', 0),
	('1663726703383547904', 'admin', '2023-05-31 09:58:51.295000', 0, NULL, NULL, '封面.png', 1571947, 'image/png', 'C:\\\\oa-file/20230531/600f79aee5e24a25b25abb786c4a64e5.png', '600f79aee5e24a25b25abb786c4a64e5.png', 0),
	('1663727083915972608', 'admin', '2023-05-31 10:00:22.017000', 0, NULL, NULL, '测试PDF.pdf', 369573, 'application/pdf', 'C:\\\\oa-file/20230531/a8ba652e01e44946a01c236533d25e7c.pdf', 'a8ba652e01e44946a01c236533d25e7c.pdf', 0);

DROP TABLE IF EXISTS `a_log`;
CREATE TABLE IF NOT EXISTS `a_log` (
  `id` varchar(255) NOT NULL,
  `create_by` varchar(255) DEFAULT NULL,
  `create_time` datetime(6) DEFAULT NULL,
  `del_flag` int NOT NULL,
  `update_by` varchar(255) DEFAULT NULL,
  `update_time` datetime(6) DEFAULT NULL,
  `cost_time` int unsigned DEFAULT NULL,
  `ip` varchar(255) DEFAULT NULL,
  `ip_info` varchar(255) DEFAULT NULL,
  `name` varchar(255) DEFAULT NULL,
  `request_param` text,
  `request_type` varchar(255) DEFAULT NULL,
  `request_url` varchar(255) DEFAULT NULL,
  `username` varchar(255) DEFAULT NULL,
  `log_type` int DEFAULT NULL,
  `code` varchar(255) DEFAULT NULL,
  `device` varchar(255) DEFAULT NULL,
  PRIMARY KEY (`id`),
  KEY `create_time` (`create_time`) USING BTREE
) ENGINE=InnoDB DEFAULT CHARSET=utf8mb3;

DELETE FROM `a_log`;
INSERT INTO `a_log` (`id`, `create_by`, `create_time`, `del_flag`, `update_by`, `update_time`, `cost_time`, `ip`, `ip_info`, `name`, `request_param`, `request_type`, `request_url`, `username`, `log_type`, `code`, `device`) VALUES
	('1536883393592168448', NULL, '2022-06-15 09:28:50.000000', 0, NULL, '2022-06-15 09:28:50.000000', 287, '127.0.0.1', '本地测试', '登录系统', '{"password":"密码隐藏","code":"8817","saveLogin":"true","captchaId":"ef9e5437ff544c8b91d9810febcb58e7","username":"admin"}', 'POST', '/zwz/login', 'admin', 1, '', 'PC端 | Chrome 101.0.0.0 | Windows Windows 10 or Windows Server 2016'),
	('1536883393592168449', NULL, '2022-06-15 09:28:50.000000', 0, NULL, '2022-06-15 09:28:50.000000', 263, '127.0.0.1', '本地测试', '获取当前登录用户', '{}', 'GET', '/zwz/user/info', 'admin', 2, 'USER-02', 'PC端 | Chrome 101.0.0.0 | Windows Windows 10 or Windows Server 2016'),
	('1536883394787545090', NULL, '2022-06-15 09:28:50.000000', 0, NULL, '2022-06-15 09:28:50.000000', 43, '127.0.0.1', '本地测试', '查询菜单', '{}', 'GET', '/zwz/permission/getMenuList', 'admin', 2, 'PERMISSION-02', 'PC端 | Chrome 101.0.0.0 | Windows Windows 10 or Windows Server 2016'),
	('1536883395219558400', NULL, '2022-06-15 09:28:50.000000', 0, NULL, '2022-06-15 09:28:50.000000', 69, '127.0.0.1', '本地测试', '查询个人门户菜单B', '{}', 'POST', '/zwz/myDoor/getMyDoorList6', 'admin', 2, 'MY-DOOR-02', 'PC端 | Chrome 101.0.0.0 | Windows Windows 10 or Windows Server 2016'),
	('1536883401452294144', NULL, '2022-06-15 09:28:52.000000', 0, NULL, '2022-06-15 09:28:52.000000', 76, '127.0.0.1', '本地测试', '查询日志', '{"logType":"1","pageNumber":"1","endDate":"","pageSize":"15","sort":"createTime","ipInfo":"","startDate":"","key":"","order":"desc"}', 'GET', '/zwz/log/getAllByPage', 'admin', 2, 'LOG-01', 'PC端 | Chrome 101.0.0.0 | Windows Windows 10 or Windows Server 2016'),
	('1536883413934542848', NULL, '2022-06-15 09:28:54.000000', 0, NULL, '2022-06-15 09:28:54.000000', 40, '127.0.0.1', '本地测试', '查询子部门', '{}', 'GET', '/zwz/department/getByParentId', 'admin', 2, 'DEP-01', 'PC端 | Chrome 101.0.0.0 | Windows Windows 10 or Windows Server 2016'),
	('1536883415226388480', NULL, '2022-06-15 09:28:55.000000', 0, NULL, '2022-06-15 09:28:55.000000', 39, '127.0.0.1', '本地测试', '查询全部角色', '{}', 'GET', '/zwz/role/getAllList', 'admin', 2, 'ROLE-01', 'PC端 | Chrome 101.0.0.0 | Windows Windows 10 or Windows Server 2016'),
	('1536883415259942913', NULL, '2022-06-15 09:28:55.000000', 0, NULL, '2022-06-15 09:28:55.000000', 49, '127.0.0.1', '本地测试', '查询单个数据字典的值', '{}', 'GET', '/zwz/dictData/getByType/sex', 'admin', 2, 'DICT_DATA-01', 'PC端 | Chrome 101.0.0.0 | Windows Windows 10 or Windows Server 2016'),
	('1536883415280914432', NULL, '2022-06-15 09:28:55.000000', 0, NULL, '2022-06-15 09:28:55.000000', 94, '127.0.0.1', '本地测试', '查询用户', '{"pageNumber":"1","departmentId":"","nickname":"","pageSize":"20","sort":"createTime","order":"desc"}', 'GET', '/zwz/user/getUserList', 'admin', 2, 'USER-07', 'PC端 | Chrome 101.0.0.0 | Windows Windows 10 or Windows Server 2016'),
	('1536883415444492288', NULL, '2022-06-15 09:28:55.000000', 0, NULL, '2022-06-15 09:28:55.000000', 36, '127.0.0.1', '本地测试', '查询子部门', '{}', 'GET', '/zwz/department/getByParentId', 'admin', 2, 'DEP-01', 'PC端 | Chrome 101.0.0.0 | Windows Windows 10 or Windows Server 2016'),
	('1536883420095975424', NULL, '2022-06-15 09:28:56.000000', 0, NULL, '2022-06-15 09:28:56.000000', 40, '127.0.0.1', '本地测试', '查询子部门', '{}', 'GET', '/zwz/department/getByParentId', 'admin', 2, 'DEP-01', 'PC端 | Chrome 101.0.0.0 | Windows Windows 10 or Windows Server 2016'),
	('1536883420171472896', NULL, '2022-06-15 09:28:56.000000', 0, NULL, '2022-06-15 09:28:56.000000', 58, '127.0.0.1', '本地测试', '查询用户', '{"pageNumber":"1","departmentId":"","pageSize":"10","sort":"createTime","order":"desc"}', 'GET', '/zwz/myUser/getByPage', 'admin', 2, 'USER-01', 'PC端 | Chrome 101.0.0.0 | Windows Windows 10 or Windows Server 2016'),
	('1536883421131968513', NULL, '2022-06-15 09:28:56.000000', 0, NULL, '2022-06-15 09:28:56.000000', 38, '127.0.0.1', '本地测试', '查询子部门', '{}', 'GET', '/zwz/department/getByParentId', 'admin', 2, 'DEP-01', 'PC端 | Chrome 101.0.0.0 | Windows Windows 10 or Windows Server 2016'),
	('1536883423262674944', NULL, '2022-06-15 09:28:57.000000', 0, NULL, '2022-06-15 09:28:57.000000', 50, '127.0.0.1', '本地测试', '查询系统文件', '{"pageNumber":"1","endDate":"","fkey":"","name":"","pageSize":"15","sort":"createTime","type":"","startDate":"","order":"desc"}', 'GET', '/zwz/file/getByCondition', 'admin', 2, 'FILE-01', 'PC端 | Chrome 101.0.0.0 | Windows Windows 10 or Windows Server 2016'),
	('1536883424516771840', NULL, '2022-06-15 09:28:57.000000', 0, NULL, '2022-06-15 09:28:57.000000', 41, '127.0.0.1', '本地测试', '查看单个配置', '{"id":"FILE_HTTP"}', 'GET', '/zwz/setting/getOne', 'admin', 2, 'SETTING-01', 'PC端 | Chrome 101.0.0.0 | Windows Windows 10 or Windows Server 2016'),
	('1536883424516771841', NULL, '2022-06-15 09:28:57.000000', 0, NULL, '2022-06-15 09:28:57.000000', 34, '127.0.0.1', '本地测试', '查看单个配置', '{"id":"FILE_PATH"}', 'GET', '/zwz/setting/getOne', 'admin', 2, 'SETTING-01', 'PC端 | Chrome 101.0.0.0 | Windows Windows 10 or Windows Server 2016'),
	('1536883424516771842', NULL, '2022-06-15 09:28:57.000000', 0, NULL, '2022-06-15 09:28:57.000000', 44, '127.0.0.1', '本地测试', '查看单个配置', '{"id":"FILE_VIEW"}', 'GET', '/zwz/setting/getOne', 'admin', 2, 'SETTING-01', 'PC端 | Chrome 101.0.0.0 | Windows Windows 10 or Windows Server 2016'),
	('1536883426920108032', NULL, '2022-06-15 09:28:58.000000', 0, NULL, '2022-06-15 09:28:58.000000', 55, '127.0.0.1', '本地测试', '查询角色', '{"pageNumber":"1","pageSize":"15","sort":"createTime","order":"desc"}', 'GET', '/zwz/role/getAllByPage', 'admin', 2, 'ROLE-02', 'PC端 | Chrome 101.0.0.0 | Windows Windows 10 or Windows Server 2016'),
	('1536883430367825920', NULL, '2022-06-15 09:28:58.000000', 0, NULL, '2022-06-15 09:28:58.000000', 45, '127.0.0.1', '本地测试', '查询单个数据字典的值', '{}', 'GET', '/zwz/dictData/getByType/permission_type', 'admin', 2, 'DICT_DATA-01', 'PC端 | Chrome 101.0.0.0 | Windows Windows 10 or Windows Server 2016'),
	('1536883433186398208', NULL, '2022-06-15 09:28:59.000000', 0, NULL, '2022-06-15 09:28:59.000000', 43, '127.0.0.1', '本地测试', '查询日志', '{"logType":"1","pageNumber":"1","endDate":"","pageSize":"15","sort":"createTime","ipInfo":"","startDate":"","key":"","order":"desc"}', 'GET', '/zwz/log/getAllByPage', 'admin', 2, 'LOG-01', 'PC端 | Chrome 101.0.0.0 | Windows Windows 10 or Windows Server 2016'),
	('1536883444859146240', NULL, '2022-06-15 09:29:02.000000', 0, NULL, '2022-06-15 09:29:02.000000', 50, '127.0.0.1', '本地测试', '查询所有数据字典', '{}', 'GET', '/zwz/dict/getAll', 'admin', 2, 'DICT-01', 'PC端 | Chrome 101.0.0.0 | Windows Windows 10 or Windows Server 2016'),
	('1536883444947226624', NULL, '2022-06-15 09:29:02.000000', 0, NULL, '2022-06-15 09:29:02.000000', 59, '127.0.0.1', '本地测试', '查询数据字典值', '{"pageNumber":"1","name":"","pageSize":"10","sort":"sortOrder","status":"","order":"asc"}', 'GET', '/zwz/dictData/getByCondition', 'admin', 2, 'DICT_DATA-02', 'PC端 | Chrome 101.0.0.0 | Windows Windows 10 or Windows Server 2016'),
	('1536883446968881152', NULL, '2022-06-15 09:29:02.000000', 0, NULL, '2022-06-15 09:29:02.000000', 43, '127.0.0.1', '本地测试', '查询个人门户菜单B', '{}', 'POST', '/zwz/myDoor/getMyDoorList6', 'admin', 2, 'MY-DOOR-02', 'PC端 | Chrome 101.0.0.0 | Windows Windows 10 or Windows Server 2016'),
	('1536883451238682624', NULL, '2022-06-15 09:29:03.000000', 0, NULL, '2022-06-15 09:29:03.000000', 52, '127.0.0.1', '本地测试', '查询单个数据字典的值', '{}', 'GET', '/zwz/dictData/getByType/sex', 'admin', 2, 'DICT_DATA-01', 'PC端 | Chrome 101.0.0.0 | Windows Windows 10 or Windows Server 2016'),
	('1536883451347734528', NULL, '2022-06-15 09:29:03.000000', 0, NULL, '2022-06-15 09:29:03.000000', 65, '127.0.0.1', '本地测试', '查询学生', '{"pageNumber":"1","pageSize":"15","sort":"createTime","order":"desc"}', 'GET', '/zwz/student/getByPage', 'admin', 3, 'STUDENT-04', 'PC端 | Chrome 101.0.0.0 | Windows Windows 10 or Windows Server 2016'),
	('1536883452538916864', NULL, '2022-06-15 09:29:04.000000', 0, NULL, '2022-06-15 09:29:04.000000', 43, '127.0.0.1', '本地测试', '查询单个数据字典的值', '{}', 'GET', '/zwz/dictData/getByType/education', 'admin', 2, 'DICT_DATA-01', 'PC端 | Chrome 101.0.0.0 | Windows Windows 10 or Windows Server 2016'),
	('1536883453881094144', NULL, '2022-06-15 09:29:04.000000', 0, NULL, '2022-06-15 09:29:04.000000', 48, '127.0.0.1', '本地测试', '查询教师', '{"pageNumber":"1","pageSize":"15","sort":"createTime","order":"desc"}', 'GET', '/zwz/teacher/getByPage', 'admin', 3, 'TEACHER-04', 'PC端 | Chrome 101.0.0.0 | Windows Windows 10 or Windows Server 2016'),
	('1536883466526920704', NULL, '2022-06-15 09:29:07.000000', 0, NULL, '2022-06-15 09:29:07.000000', 42, '127.0.0.1', '本地测试', '查询图表数据', '{}', 'GET', '/zwz/teacher/getAntvVoList', 'admin', 4, 'CHART-01', 'PC端 | Chrome 101.0.0.0 | Windows Windows 10 or Windows Server 2016'),
	('1536883470083690496', NULL, '2022-06-15 09:29:08.000000', 0, NULL, '2022-06-15 09:29:08.000000', 46, '127.0.0.1', '本地测试', '查询个人门户菜单B', '{}', 'POST', '/zwz/myDoor/getMyDoorList6', 'admin', 2, 'MY-DOOR-02', 'PC端 | Chrome 101.0.0.0 | Windows Windows 10 or Windows Server 2016'),
	('1536883482377195520', NULL, '2022-06-15 09:29:11.000000', 0, NULL, '2022-06-15 09:29:11.000000', 41, '127.0.0.1', '本地测试', '查询日志', '{"logType":"1","pageNumber":"1","endDate":"","pageSize":"15","sort":"createTime","ipInfo":"","startDate":"","key":"","order":"desc"}', 'GET', '/zwz/log/getAllByPage', 'admin', 2, 'LOG-01', 'PC端 | Chrome 101.0.0.0 | Windows Windows 10 or Windows Server 2016'),
	('1536883484109443072', NULL, '2022-06-15 09:29:11.000000', 0, NULL, '2022-06-15 09:29:11.000000', 50, '127.0.0.1', '本地测试', '查询日志', '{"logType":"2","pageNumber":"1","endDate":"","pageSize":"15","sort":"createTime","ipInfo":"","startDate":"","key":"","order":"desc"}', 'GET', '/zwz/log/getAllByPage', 'admin', 2, 'LOG-01', 'PC端 | Chrome 101.0.0.0 | Windows Windows 10 or Windows Server 2016'),
	('1536883506003709952', NULL, '2022-06-15 09:29:16.000000', 0, NULL, '2022-06-15 09:29:16.000000', 86, '127.0.0.1', '本地测试', '查询日志', '{"logType":"3","pageNumber":"1","endDate":"","pageSize":"15","sort":"createTime","ipInfo":"","startDate":"","key":"","order":"desc"}', 'GET', '/zwz/log/getAllByPage', 'admin', 2, 'LOG-01', 'PC端 | Chrome 101.0.0.0 | Windows Windows 10 or Windows Server 2016'),
	('1536883509954744320', NULL, '2022-06-15 09:29:17.000000', 0, NULL, '2022-06-15 09:29:17.000000', 38, '127.0.0.1', '本地测试', '查询日志', '{"logType":"4","pageNumber":"1","endDate":"","pageSize":"15","sort":"createTime","ipInfo":"","startDate":"","key":"","order":"desc"}', 'GET', '/zwz/log/getAllByPage', 'admin', 2, 'LOG-01', 'PC端 | Chrome 101.0.0.0 | Windows Windows 10 or Windows Server 2016'),
	('1536883517961670656', NULL, '2022-06-15 09:29:19.000000', 0, NULL, '2022-06-15 09:29:19.000000', 39, '127.0.0.1', '本地测试', '查询日志', '{"logType":"1","pageNumber":"1","endDate":"","pageSize":"15","sort":"createTime","ipInfo":"","startDate":"","key":"","order":"desc"}', 'GET', '/zwz/log/getAllByPage', 'admin', 2, 'LOG-01', 'PC端 | Chrome 101.0.0.0 | Windows Windows 10 or Windows Server 2016'),
	('1658361809163390976', NULL, '2023-05-16 14:40:41.000000', 0, NULL, '2023-05-16 14:40:41.000000', 52, '127.0.0.1', '本地测试', '登录系统', '{"username":"admin","password":"","code":"6572","captchaId":"6720ebc919454634bec3152535dfb2f7","saveLogin":"true"}', 'POST', '/zwz/login', 'admin', 1, '', 'PC端 | Chrome 113.0.0.0 | Windows Windows 10 or Windows Server 2016'),
	('1658361810711089152', NULL, '2023-05-16 14:40:41.000000', 0, NULL, '2023-05-16 14:40:41.000000', 35, '127.0.0.1', '本地测试', '获取当前登录用户', '{}', 'GET', '/zwz/user/info', 'admin', 2, 'USER-02', 'PC端 | Chrome 113.0.0.0 | Windows Windows 10 or Windows Server 2016'),
	('1658361811726110720', NULL, '2023-05-16 14:40:41.000000', 0, NULL, '2023-05-16 14:40:41.000000', 52, '127.0.0.1', '本地测试', '查询菜单', '{}', 'GET', '/zwz/permission/getMenuList', 'admin', 2, 'PERMISSION-02', 'PC端 | Chrome 113.0.0.0 | Windows Windows 10 or Windows Server 2016'),
	('1658361814729232384', NULL, '2023-05-16 14:40:42.000000', 0, NULL, '2023-05-16 14:40:42.000000', 41, '127.0.0.1', '本地测试', '查询菜单', '{}', 'GET', '/zwz/permission/getMenuList', 'admin', 2, 'PERMISSION-02', 'PC端 | Chrome 113.0.0.0 | Windows Windows 10 or Windows Server 2016'),
	('1658361814972502016', NULL, '2023-05-16 14:40:42.000000', 0, NULL, '2023-05-16 14:40:42.000000', 66, '127.0.0.1', '本地测试', '查询个人门户菜单B', '{}', 'POST', '/zwz/myDoor/getMyDoorList6', 'admin', 2, 'MY-DOOR-02', 'PC端 | Chrome 113.0.0.0 | Windows Windows 10 or Windows Server 2016'),
	('1658362015967744000', NULL, '2023-05-16 14:41:30.000000', 0, NULL, '2023-05-16 14:41:30.000000', 56, '127.0.0.1', '本地测试', '登录系统', '{"username":"admin","password":"","code":"1340","captchaId":"c4f6841d7ddd41e591d25b969273f9a1","saveLogin":"true"}', 'POST', '/zwz/login', 'admin', 1, '', 'PC端 | Chrome 113.0.0.0 | Windows Windows 10 or Windows Server 2016'),
	('1658362016018075648', NULL, '2023-05-16 14:41:30.000000', 0, NULL, '2023-05-16 14:41:30.000000', 56, '127.0.0.1', '本地测试', '获取当前登录用户', '{}', 'GET', '/zwz/user/info', 'admin', 2, 'USER-02', 'PC端 | Chrome 113.0.0.0 | Windows Windows 10 or Windows Server 2016'),
	('1658362017679020032', NULL, '2023-05-16 14:41:31.000000', 0, NULL, '2023-05-16 14:41:31.000000', 36, '127.0.0.1', '本地测试', '查询菜单', '{}', 'GET', '/zwz/permission/getMenuList', 'admin', 2, 'PERMISSION-02', 'PC端 | Chrome 113.0.0.0 | Windows Windows 10 or Windows Server 2016'),
	('1658362018035535872', NULL, '2023-05-16 14:41:31.000000', 0, NULL, '2023-05-16 14:41:31.000000', 36, '127.0.0.1', '本地测试', '查询个人门户菜单B', '{}', 'POST', '/zwz/myDoor/getMyDoorList6', 'admin', 2, 'MY-DOOR-02', 'PC端 | Chrome 113.0.0.0 | Windows Windows 10 or Windows Server 2016'),
	('1658362039741059072', NULL, '2023-05-16 14:41:36.000000', 0, NULL, '2023-05-16 14:41:36.000000', 73, '127.0.0.1', '本地测试', '查询菜单', '{}', 'GET', '/zwz/permission/getMenuList', 'admin', 2, 'PERMISSION-02', 'PC端 | Chrome 113.0.0.0 | Windows Windows 10 or Windows Server 2016'),
	('1658362040869326848', NULL, '2023-05-16 14:41:36.000000', 0, NULL, '2023-05-16 14:41:36.000000', 51, '127.0.0.1', '本地测试', '查询个人门户菜单B', '{}', 'POST', '/zwz/myDoor/getMyDoorList6', 'admin', 2, 'MY-DOOR-02', 'PC端 | Chrome 113.0.0.0 | Windows Windows 10 or Windows Server 2016'),
	('1658362178484441088', NULL, '2023-05-16 14:42:09.000000', 0, NULL, '2023-05-16 14:42:09.000000', 70, '127.0.0.1', '本地测试', '登录系统', '{"username":"admin","password":"","code":"3716","captchaId":"81e7abf60b5e463aabee86b57f6ab460","saveLogin":"true"}', 'POST', '/zwz/login', 'admin', 1, '', 'PC端 | Chrome 113.0.0.0 | Windows Windows 10 or Windows Server 2016'),
	('1658362179835006976', NULL, '2023-05-16 14:42:09.000000', 0, NULL, '2023-05-16 14:42:09.000000', 34, '127.0.0.1', '本地测试', '获取当前登录用户', '{}', 'GET', '/zwz/user/info', 'admin', 2, 'USER-02', 'PC端 | Chrome 113.0.0.0 | Windows Windows 10 or Windows Server 2016'),
	('1658362180946497536', NULL, '2023-05-16 14:42:10.000000', 0, NULL, '2023-05-16 14:42:10.000000', 32, '127.0.0.1', '本地测试', '查询菜单', '{}', 'GET', '/zwz/permission/getMenuList', 'admin', 2, 'PERMISSION-02', 'PC端 | Chrome 113.0.0.0 | Windows Windows 10 or Windows Server 2016'),
	('1658362181504339968', NULL, '2023-05-16 14:42:10.000000', 0, NULL, '2023-05-16 14:42:10.000000', 75, '127.0.0.1', '本地测试', '查询个人门户菜单B', '{}', 'POST', '/zwz/myDoor/getMyDoorList6', 'admin', 2, 'MY-DOOR-02', 'PC端 | Chrome 113.0.0.0 | Windows Windows 10 or Windows Server 2016'),
	('1658362440305479680', NULL, '2023-05-16 14:43:11.000000', 0, NULL, '2023-05-16 14:43:11.000000', 95, '127.0.0.1', '本地测试', '登录系统', '{"username":"admin","password":"","code":"5161","captchaId":"2fccb8aec95a48199bdd35365270b793","saveLogin":"true"}', 'POST', '/zwz/login', 'admin', 1, '', 'PC端 | Chrome 113.0.0.0 | Windows Windows 10 or Windows Server 2016'),
	('1658362440364199936', NULL, '2023-05-16 14:43:11.000000', 0, NULL, '2023-05-16 14:43:11.000000', 91, '127.0.0.1', '本地测试', '获取当前登录用户', '{}', 'GET', '/zwz/user/info', 'admin', 2, 'USER-02', 'PC端 | Chrome 113.0.0.0 | Windows Windows 10 or Windows Server 2016'),
	('1658362442188722185', NULL, '2023-05-16 14:43:12.000000', 0, NULL, '2023-05-16 14:43:12.000000', 49, '127.0.0.1', '本地测试', '查询个人门户菜单B', '{}', 'POST', '/zwz/myDoor/getMyDoorList6', 'admin', 2, 'MY-DOOR-02', 'PC端 | Chrome 113.0.0.0 | Windows Windows 10 or Windows Server 2016'),
	('1658362442406825984', NULL, '2023-05-16 14:43:12.000000', 0, NULL, '2023-05-16 14:43:12.000000', 97, '127.0.0.1', '本地测试', '查询菜单', '{}', 'GET', '/zwz/permission/getMenuList', 'admin', 2, 'PERMISSION-02', 'PC端 | Chrome 113.0.0.0 | Windows Windows 10 or Windows Server 2016'),
	('1658362452213108736', NULL, '2023-05-16 14:43:14.000000', 0, NULL, '2023-05-16 14:43:14.000000', 51, '127.0.0.1', '本地测试', '查询单个数据字典的值', '{}', 'GET', '/zwz/dictData/getByType/permission_type', 'admin', 2, 'DICT_DATA-01', 'PC端 | Chrome 113.0.0.0 | Windows Windows 10 or Windows Server 2016'),
	('1658362452355715072', NULL, '2023-05-16 14:43:14.000000', 0, NULL, '2023-05-16 14:43:14.000000', 72, '127.0.0.1', '本地测试', '查询全部菜单', '{}', 'GET', '/zwz/permission/getAllList', 'admin', 2, 'PERMISSION-04', 'PC端 | Chrome 113.0.0.0 | Windows Windows 10 or Windows Server 2016'),
	('1658362463428677632', NULL, '2023-05-16 14:43:17.000000', 0, NULL, '2023-05-16 14:43:17.000000', 93, '127.0.0.1', '本地测试', '查询角色', '{"pageNumber":"1","pageSize":"15","sort":"createTime","order":"desc"}', 'GET', '/zwz/role/getAllByPage', 'admin', 2, 'ROLE-02', 'PC端 | Chrome 113.0.0.0 | Windows Windows 10 or Windows Server 2016'),
	('1658362494080651264', NULL, '2023-05-16 14:43:24.000000', 0, NULL, '2023-05-16 14:43:24.000000', 100, '127.0.0.1', '本地测试', '修改菜单权限', '{"roleId":"1536606659751841799","permIds":"125909152017944576,1464484663442673664,5129710648430594,56309618086776832,1530689602321518592,1535166438371889152,5129710648430593,40238597734928384,5129710648430595,41363147411427328,1536599942410407936,1536600125332393984,1536600268379131904,1536604417711804416,1536606273959759872,1536606372668510208,1536606464712511488,1536606550951596032,1536606637815631872,1536875505901506560"}', 'POST', '/zwz/role/editRolePerm', 'admin', 2, 'ROLE-04', 'PC端 | Chrome 113.0.0.0 | Windows Windows 10 or Windows Server 2016'),
	('1658362495276027904', NULL, '2023-05-16 14:43:24.000000', 0, NULL, '2023-05-16 14:43:24.000000', 65, '127.0.0.1', '本地测试', '查询菜单', '{}', 'GET', '/zwz/permission/getMenuList', 'admin', 2, 'PERMISSION-02', 'PC端 | Chrome 113.0.0.0 | Windows Windows 10 or Windows Server 2016'),
	('1658362495976476673', NULL, '2023-05-16 14:43:25.000000', 0, NULL, '2023-05-16 14:43:25.000000', 54, '127.0.0.1', '本地测试', '查询角色', '{"pageNumber":"1","pageSize":"15","sort":"createTime","order":"desc"}', 'GET', '/zwz/role/getAllByPage', 'admin', 2, 'ROLE-02', 'PC端 | Chrome 113.0.0.0 | Windows Windows 10 or Windows Server 2016'),
	('1658362497784221696', NULL, '2023-05-16 14:43:25.000000', 0, NULL, '2023-05-16 14:43:25.000000', 43, '127.0.0.1', '本地测试', '查询单个数据字典的值', '{}', 'GET', '/zwz/dictData/getByType/permission_type', 'admin', 2, 'DICT_DATA-01', 'PC端 | Chrome 113.0.0.0 | Windows Windows 10 or Windows Server 2016'),
	('1658362514016178176', NULL, '2023-05-16 14:43:29.000000', 0, NULL, '2023-05-16 14:43:29.000000', 52, '127.0.0.1', '本地测试', '删除菜单', '{"ids":"1464485105081913345,1464485485316542465,5129710648430592,1530689520276738048,39915540965232640,1535166254703316992"}', 'POST', '/zwz/permission/delByIds', 'admin', 2, 'PERMISSION-05', 'PC端 | Chrome 113.0.0.0 | Windows Windows 10 or Windows Server 2016'),
	('1658362515098308608', NULL, '2023-05-16 14:43:29.000000', 0, NULL, '2023-05-16 14:43:29.000000', 54, '127.0.0.1', '本地测试', '查询菜单', '{}', 'GET', '/zwz/permission/getMenuList', 'admin', 2, 'PERMISSION-02', 'PC端 | Chrome 113.0.0.0 | Windows Windows 10 or Windows Server 2016'),
	('1658362515542904832', NULL, '2023-05-16 14:43:29.000000', 0, NULL, '2023-05-16 14:43:29.000000', 43, '127.0.0.1', '本地测试', '查询单个数据字典的值', '{}', 'GET', '/zwz/dictData/getByType/permission_type', 'admin', 2, 'DICT_DATA-01', 'PC端 | Chrome 113.0.0.0 | Windows Windows 10 or Windows Server 2016'),
	('1658362515706482688', NULL, '2023-05-16 14:43:29.000000', 0, NULL, '2023-05-16 14:43:29.000000', 78, '127.0.0.1', '本地测试', '查询全部菜单', '{}', 'GET', '/zwz/permission/getAllList', 'admin', 2, 'PERMISSION-04', 'PC端 | Chrome 113.0.0.0 | Windows Windows 10 or Windows Server 2016'),
	('1658362741615890432', NULL, '2023-05-16 14:44:23.000000', 0, NULL, '2023-05-16 14:44:23.000000', 81, '127.0.0.1', '本地测试', '登录系统', '{"username":"admin","password":"","code":"1583","captchaId":"bc3842429d094429954a58abaade13ff","saveLogin":"true"}', 'POST', '/zwz/login', 'admin', 1, '', 'PC端 | Chrome 113.0.0.0 | Windows Windows 10 or Windows Server 2016'),
	('1658362742261813248', NULL, '2023-05-16 14:44:23.000000', 0, NULL, '2023-05-16 14:44:23.000000', 43, '127.0.0.1', '本地测试', '获取当前登录用户', '{}', 'GET', '/zwz/user/info', 'admin', 2, 'USER-02', 'PC端 | Chrome 113.0.0.0 | Windows Windows 10 or Windows Server 2016'),
	('1658362743050342400', NULL, '2023-05-16 14:44:24.000000', 0, NULL, '2023-05-16 14:44:24.000000', 58, '127.0.0.1', '本地测试', '查询菜单', '{}', 'GET', '/zwz/permission/getMenuList', 'admin', 2, 'PERMISSION-02', 'PC端 | Chrome 113.0.0.0 | Windows Windows 10 or Windows Server 2016'),
	('1658362747857014784', NULL, '2023-05-16 14:44:25.000000', 0, NULL, '2023-05-16 14:44:25.000000', 45, '127.0.0.1', '本地测试', '查询菜单', '{}', 'GET', '/zwz/permission/getMenuList', 'admin', 2, 'PERMISSION-02', 'PC端 | Chrome 113.0.0.0 | Windows Windows 10 or Windows Server 2016'),
	('1658362748788150272', NULL, '2023-05-16 14:44:25.000000', 0, NULL, '2023-05-16 14:44:25.000000', 50, '127.0.0.1', '本地测试', '查询个人门户菜单B', '{}', 'POST', '/zwz/myDoor/getMyDoorList6', 'admin', 2, 'MY-DOOR-02', 'PC端 | Chrome 113.0.0.0 | Windows Windows 10 or Windows Server 2016'),
	('1658362760645447680', NULL, '2023-05-16 14:44:28.000000', 0, NULL, '2023-05-16 14:44:28.000000', 43, '127.0.0.1', '本地测试', '查询全部角色', '{}', 'GET', '/zwz/role/getAllList', 'admin', 2, 'ROLE-01', 'PC端 | Chrome 113.0.0.0 | Windows Windows 10 or Windows Server 2016'),
	('1658362760653836288', NULL, '2023-05-16 14:44:28.000000', 0, NULL, '2023-05-16 14:44:28.000000', 77, '127.0.0.1', '本地测试', '查询单个数据字典的值', '{}', 'GET', '/zwz/dictData/getByType/sex', 'admin', 2, 'DICT_DATA-01', 'PC端 | Chrome 113.0.0.0 | Windows Windows 10 or Windows Server 2016'),
	('1658362760733528064', NULL, '2023-05-16 14:44:28.000000', 0, NULL, '2023-05-16 14:44:28.000000', 98, '127.0.0.1', '本地测试', '查询用户', '{"nickname":"","departmentId":"","pageNumber":"1","pageSize":"20","sort":"createTime","order":"desc"}', 'GET', '/zwz/user/getUserList', 'admin', 2, 'USER-07', 'PC端 | Chrome 113.0.0.0 | Windows Windows 10 or Windows Server 2016'),
	('1658362760750305280', NULL, '2023-05-16 14:44:28.000000', 0, NULL, '2023-05-16 14:44:28.000000', 98, '127.0.0.1', '本地测试', '查询子部门', '{}', 'GET', '/zwz/department/getByParentId', 'admin', 2, 'DEP-01', 'PC端 | Chrome 113.0.0.0 | Windows Windows 10 or Windows Server 2016'),
	('1658362762482552832', NULL, '2023-05-16 14:44:28.000000', 0, NULL, '2023-05-16 14:44:28.000000', 56, '127.0.0.1', '本地测试', '查询子部门', '{}', 'GET', '/zwz/department/getByParentId', 'admin', 2, 'DEP-01', 'PC端 | Chrome 113.0.0.0 | Windows Windows 10 or Windows Server 2016'),
	('1658362764198023168', NULL, '2023-05-16 14:44:29.000000', 0, NULL, '2023-05-16 14:44:29.000000', 48, '127.0.0.1', '本地测试', '查询子部门', '{}', 'GET', '/zwz/department/getByParentId', 'admin', 2, 'DEP-01', 'PC端 | Chrome 113.0.0.0 | Windows Windows 10 or Windows Server 2016'),
	('1658362765515034624', NULL, '2023-05-16 14:44:29.000000', 0, NULL, '2023-05-16 14:44:29.000000', 51, '127.0.0.1', '本地测试', '查询用户', '{"pageNumber":"1","pageSize":"10","sort":"createTime","order":"desc","departmentId":""}', 'GET', '/zwz/myUser/getByPage', 'admin', 2, 'USER-01', 'PC端 | Chrome 113.0.0.0 | Windows Windows 10 or Windows Server 2016'),
	('1658362765724749827', NULL, '2023-05-16 14:44:29.000000', 0, NULL, '2023-05-16 14:44:29.000000', 44, '127.0.0.1', '本地测试', '查询子部门', '{}', 'GET', '/zwz/department/getByParentId', 'admin', 2, 'DEP-01', 'PC端 | Chrome 113.0.0.0 | Windows Windows 10 or Windows Server 2016'),
	('1658362767855456256', NULL, '2023-05-16 14:44:29.000000', 0, NULL, '2023-05-16 14:44:29.000000', 49, '127.0.0.1', '本地测试', '查询系统文件', '{"name":"","fkey":"","type":"","pageNumber":"1","pageSize":"15","sort":"createTime","order":"desc","startDate":"","endDate":""}', 'GET', '/zwz/file/getByCondition', 'admin', 2, 'FILE-01', 'PC端 | Chrome 113.0.0.0 | Windows Windows 10 or Windows Server 2016'),
	('1658362768522350592', NULL, '2023-05-16 14:44:30.000000', 0, NULL, '2023-05-16 14:44:30.000000', 36, '127.0.0.1', '本地测试', '查看单个配置', '{"id":"FILE_PATH"}', 'GET', '/zwz/setting/getOne', 'admin', 2, 'SETTING-01', 'PC端 | Chrome 113.0.0.0 | Windows Windows 10 or Windows Server 2016'),
	('1658362769134718976', NULL, '2023-05-16 14:44:30.000000', 0, NULL, '2023-05-16 14:44:30.000000', 36, '127.0.0.1', '本地测试', '查看单个配置', '{"id":"FILE_VIEW"}', 'GET', '/zwz/setting/getOne', 'admin', 2, 'SETTING-01', 'PC端 | Chrome 113.0.0.0 | Windows Windows 10 or Windows Server 2016'),
	('1658362769134718977', NULL, '2023-05-16 14:44:30.000000', 0, NULL, '2023-05-16 14:44:30.000000', 38, '127.0.0.1', '本地测试', '查看单个配置', '{"id":"FILE_HTTP"}', 'GET', '/zwz/setting/getOne', 'admin', 2, 'SETTING-01', 'PC端 | Chrome 113.0.0.0 | Windows Windows 10 or Windows Server 2016'),
	('1658362769843556352', NULL, '2023-05-16 14:44:30.000000', 0, NULL, '2023-05-16 14:44:30.000000', 48, '127.0.0.1', '本地测试', '查询角色', '{"pageNumber":"1","pageSize":"15","sort":"createTime","order":"desc"}', 'GET', '/zwz/role/getAllByPage', 'admin', 2, 'ROLE-02', 'PC端 | Chrome 113.0.0.0 | Windows Windows 10 or Windows Server 2016'),
	('1658362771160567808', NULL, '2023-05-16 14:44:30.000000', 0, NULL, '2023-05-16 14:44:30.000000', 57, '127.0.0.1', '本地测试', '查询全部菜单', '{}', 'GET', '/zwz/permission/getAllList', 'admin', 2, 'PERMISSION-04', 'PC端 | Chrome 113.0.0.0 | Windows Windows 10 or Windows Server 2016'),
	('1658362774184660992', NULL, '2023-05-16 14:44:31.000000', 0, NULL, '2023-05-16 14:44:31.000000', 47, '127.0.0.1', '本地测试', '查询单个数据字典的值', '{}', 'GET', '/zwz/dictData/getByType/permission_type', 'admin', 2, 'DICT_DATA-01', 'PC端 | Chrome 113.0.0.0 | Windows Windows 10 or Windows Server 2016'),
	('1658362776529276928', NULL, '2023-05-16 14:44:32.000000', 0, NULL, '2023-05-16 14:44:32.000000', 49, '127.0.0.1', '本地测试', '查询日志', '{"logType":"1","pageNumber":"1","pageSize":"15","startDate":"","endDate":"","sort":"createTime","order":"desc","ipInfo":"","key":""}', 'GET', '/zwz/log/getAllByPage', 'admin', 2, 'LOG-01', 'PC端 | Chrome 113.0.0.0 | Windows Windows 10 or Windows Server 2016'),
	('1658362780228653056', NULL, '2023-05-16 14:44:32.000000', 0, NULL, '2023-05-16 14:44:32.000000', 41, '127.0.0.1', '本地测试', '查询所有数据字典', '{}', 'GET', '/zwz/dict/getAll', 'admin', 2, 'DICT-01', 'PC端 | Chrome 113.0.0.0 | Windows Windows 10 or Windows Server 2016'),
	('1658362780908130304', NULL, '2023-05-16 14:44:33.000000', 0, NULL, '2023-05-16 14:44:33.000000', 52, '127.0.0.1', '本地测试', '查询数据字典值', '{"name":"","status":"","pageNumber":"1","pageSize":"10","sort":"sortOrder","order":"asc"}', 'GET', '/zwz/dictData/getByCondition', 'admin', 2, 'DICT_DATA-02', 'PC端 | Chrome 113.0.0.0 | Windows Windows 10 or Windows Server 2016'),
	('1663718016401149952', NULL, '2023-05-31 09:24:21.000000', 0, NULL, '2023-05-31 09:24:21.000000', 420, '127.0.0.1', '本地测试', '登录系统', '{"username":"admin","password":"","code":"0124","captchaId":"a8002015ab6d42fbb9e2968b704beabf","saveLogin":"true"}', 'POST', '/zwz/login', '管理员', 1, '', 'PC端 | Chrome 113.0.0.0 | Windows Windows 10 or Windows Server 2016'),
	('1663718016598282240', NULL, '2023-05-31 09:24:21.000000', 0, NULL, '2023-05-31 09:24:21.000000', 240, '127.0.0.1', '本地测试', '获取当前登录用户', '{}', 'GET', '/zwz/user/info', '管理员', 2, 'USER-02', 'PC端 | Chrome 113.0.0.0 | Windows Windows 10 or Windows Server 2016'),
	('1663718018741571584', NULL, '2023-05-31 09:24:21.000000', 0, NULL, '2023-05-31 09:24:21.000000', 148, '127.0.0.1', '本地测试', '查询菜单', '{}', 'GET', '/zwz/permission/getMenuList', '管理员', 2, 'PERMISSION-02', 'PC端 | Chrome 113.0.0.0 | Windows Windows 10 or Windows Server 2016'),
	('1663718018997424128', NULL, '2023-05-31 09:24:21.000000', 0, NULL, '2023-05-31 09:24:21.000000', 51, '127.0.0.1', '本地测试', '查询个人门户菜单B', '{}', 'POST', '/zwz/myDoor/getMyDoorList6', '管理员', 2, 'MY-DOOR-02', 'PC端 | Chrome 113.0.0.0 | Windows Windows 10 or Windows Server 2016'),
	('1663718031622279168', NULL, '2023-05-31 09:24:24.000000', 0, NULL, '2023-05-31 09:24:24.000000', 27, '127.0.0.1', '本地测试', '查询全部角色', '{}', 'GET', '/zwz/role/getAllList', '管理员', 2, 'ROLE-01', 'PC端 | Chrome 113.0.0.0 | Windows Windows 10 or Windows Server 2016'),
	('1663718031706165248', NULL, '2023-05-31 09:24:24.000000', 0, NULL, '2023-05-31 09:24:24.000000', 44, '127.0.0.1', '本地测试', '查询单个数据字典的值', '{}', 'GET', '/zwz/dictData/getByType/sex', '管理员', 2, 'DICT_DATA-01', 'PC端 | Chrome 113.0.0.0 | Windows Windows 10 or Windows Server 2016'),
	('1663718031840382976', NULL, '2023-05-31 09:24:24.000000', 0, NULL, '2023-05-31 09:24:24.000000', 76, '127.0.0.1', '本地测试', '查询子部门', '{}', 'GET', '/zwz/department/getByParentId', '管理员', 2, 'DEP-01', 'PC端 | Chrome 113.0.0.0 | Windows Windows 10 or Windows Server 2016'),
	('1663718032024932352', NULL, '2023-05-31 09:24:24.000000', 0, NULL, '2023-05-31 09:24:24.000000', 98, '127.0.0.1', '本地测试', '查询用户', '{"nickname":"","departmentId":"","pageNumber":"1","pageSize":"20","sort":"createTime","order":"desc"}', 'GET', '/zwz/user/getUserList', '管理员', 2, 'USER-07', 'PC端 | Chrome 113.0.0.0 | Windows Windows 10 or Windows Server 2016'),
	('1663718033300000768', NULL, '2023-05-31 09:24:24.000000', 0, NULL, '2023-05-31 09:24:24.000000', 34, '127.0.0.1', '本地测试', '查询子部门', '{}', 'GET', '/zwz/department/getByParentId', '管理员', 2, 'DEP-01', 'PC端 | Chrome 113.0.0.0 | Windows Windows 10 or Windows Server 2016'),
	('1663718797590269956', NULL, '2023-05-31 09:27:26.000000', 0, NULL, '2023-05-31 09:27:26.000000', 78, '127.0.0.1', '本地测试', '查询单个数据字典的值', '{}', 'GET', '/zwz/dictData/getByType/sex', '管理员', 2, 'DICT_DATA-01', 'PC端 | Chrome 113.0.0.0 | Windows Windows 10 or Windows Server 2016'),
	('1663718815743217664', NULL, '2023-05-31 09:27:31.000000', 0, NULL, '2023-05-31 09:27:31.000000', 377, '127.0.0.1', '本地测试', '文件上传', '{}', 'POST', '/zwz/upload/file', '管理员', 2, 'FILE-06', 'PC端 | Chrome 113.0.0.0 | Windows Windows 10 or Windows Server 2016'),
	('1663718833329934337', NULL, '2023-05-31 09:27:35.000000', 0, NULL, '2023-05-31 09:27:35.000000', 35, '127.0.0.1', '本地测试', '修改用户资料', '{"id":"1464764315201572864","updateBy":"admin","updateTime":"2022-05-18 14:41:08","createBy":"","createTime":"2022-03-20 09:46:20","delFlag":"0","nickname":"管理员","username":"admin","password":"","passStrength":"弱","mobile":"17857054388","departmentId":"1464487288363945985","departmentTitle":"部门A","email":"916077357@qq.com","sex":"男","address":"[\\"330000\\",\\"330600\\",\\"330602\\"]","type":"1","myDoor":"user-adminZWZ666department-admin","status":"0","avatar":"http://127.0.0.1:8080/zwz/file/view/1663718815558668288","defaultRole":"","addressArray":"330000,330600,330602","typeTxt":"管理员"}', 'POST', '/zwz/user/edit', '管理员', 2, 'USER-05', 'PC端 | Chrome 113.0.0.0 | Windows Windows 10 or Windows Server 2016'),
	('1663718837671038976', NULL, '2023-05-31 09:27:36.000000', 0, NULL, '2023-05-31 09:27:36.000000', 31, '127.0.0.1', '本地测试', '查询菜单', '{}', 'GET', '/zwz/permission/getMenuList', '管理员', 2, 'PERMISSION-02', 'PC端 | Chrome 113.0.0.0 | Windows Windows 10 or Windows Server 2016'),
	('1663718838065303552', NULL, '2023-05-31 09:27:36.000000', 0, NULL, '2023-05-31 09:27:36.000000', 17, '127.0.0.1', '本地测试', '查询单个数据字典的值', '{}', 'GET', '/zwz/dictData/getByType/sex', '管理员', 2, 'DICT_DATA-01', 'PC端 | Chrome 113.0.0.0 | Windows Windows 10 or Windows Server 2016'),
	('1663721994606219264', NULL, '2023-05-31 09:40:09.022000', 0, NULL, '2023-05-31 09:40:09.022000', 327, '127.0.0.1', '本地测试', '查询单个数据字典的值', '{}', 'GET', '/zwz/dictData/getByType/sex', '管理员', 2, 'DICT_DATA-01', 'PC端 | Chrome 113.0.0.0 | Windows Windows 10 or Windows Server 2016'),
	('1663721994606219265', NULL, '2023-05-31 09:40:09.022000', 0, NULL, '2023-05-31 09:40:09.022000', 331, '127.0.0.1', '本地测试', '查询全部角色', '{}', 'GET', '/zwz/role/getAllList', '管理员', 2, 'ROLE-01', 'PC端 | Chrome 113.0.0.0 | Windows Windows 10 or Windows Server 2016'),
	('1663721994673328128', NULL, '2023-05-31 09:40:09.022000', 0, NULL, '2023-05-31 09:40:09.022000', 347, '127.0.0.1', '本地测试', '查询子部门', '{}', 'GET', '/zwz/department/getByParentId', '管理员', 2, 'DEP-01', 'PC端 | Chrome 113.0.0.0 | Windows Windows 10 or Windows Server 2016'),
	('1663721995101147137', NULL, '2023-05-31 09:40:09.022000', 0, NULL, '2023-05-31 09:40:09.022000', 323, '127.0.0.1', '本地测试', '查询用户', '{"nickname":"","departmentId":"","pageNumber":"1","pageSize":"20","sort":"createTime","order":"desc"}', 'GET', '/zwz/user/getUserList', '管理员', 2, 'USER-07', 'PC端 | Chrome 113.0.0.0 | Windows Windows 10 or Windows Server 2016'),
	('1663721997454151683', NULL, '2023-05-31 09:40:09.357000', 0, NULL, '2023-05-31 09:40:09.357000', 63, '127.0.0.1', '本地测试', '查询子部门', '{}', 'GET', '/zwz/department/getByParentId', '管理员', 2, 'DEP-01', 'PC端 | Chrome 113.0.0.0 | Windows Windows 10 or Windows Server 2016'),
	('1663722000998338560', NULL, '2023-05-31 09:40:10.188000', 0, NULL, '2023-05-31 09:40:10.188000', 48, '127.0.0.1', '本地测试', '查询单个数据字典的值', '{}', 'GET', '/zwz/dictData/getByType/permission_type', '管理员', 2, 'DICT_DATA-01', 'PC端 | Chrome 113.0.0.0 | Windows Windows 10 or Windows Server 2016'),
	('1663722001136750592', NULL, '2023-05-31 09:40:10.224000', 0, NULL, '2023-05-31 09:40:10.224000', 73, '127.0.0.1', '本地测试', '查询全部菜单', '{}', 'GET', '/zwz/permission/getAllList', '管理员', 2, 'PERMISSION-04', 'PC端 | Chrome 113.0.0.0 | Windows Windows 10 or Windows Server 2016'),
	('1663722016932499461', NULL, '2023-05-31 09:40:13.988000', 0, NULL, '2023-05-31 09:40:13.988000', 34, '127.0.0.1', '本地测试', '查询菜单权限拥有者', '{"permissionId":"1464484663442673664"}', 'GET', '/zwz/permission/getUserByPermission', '管理员', 2, 'PERMISSION-01', 'PC端 | Chrome 113.0.0.0 | Windows Windows 10 or Windows Server 2016'),
	('1663722052110127104', NULL, '2023-05-31 09:40:22.435000', 0, NULL, '2023-05-31 09:40:22.435000', 96, '127.0.0.1', '本地测试', '查询全部角色', '{}', 'GET', '/zwz/role/getAllList', '管理员', 2, 'ROLE-01', 'PC端 | Chrome 113.0.0.0 | Windows Windows 10 or Windows Server 2016'),
	('1663722052126904320', NULL, '2023-05-31 09:40:22.431000', 0, NULL, '2023-05-31 09:40:22.431000', 90, '127.0.0.1', '本地测试', '查询单个数据字典的值', '{}', 'GET', '/zwz/dictData/getByType/sex', '管理员', 2, 'DICT_DATA-01', 'PC端 | Chrome 113.0.0.0 | Windows Windows 10 or Windows Server 2016'),
	('1663722052131098624', NULL, '2023-05-31 09:40:22.425000', 0, NULL, '2023-05-31 09:40:22.425000', 85, '127.0.0.1', '本地测试', '查询子部门', '{}', 'GET', '/zwz/department/getByParentId', '管理员', 2, 'DEP-01', 'PC端 | Chrome 113.0.0.0 | Windows Windows 10 or Windows Server 2016'),
	('1663722052185624576', NULL, '2023-05-31 09:40:22.443000', 0, NULL, '2023-05-31 09:40:22.443000', 102, '127.0.0.1', '本地测试', '查询用户', '{"nickname":"","departmentId":"","pageNumber":"1","pageSize":"20","sort":"createTime","order":"desc"}', 'GET', '/zwz/user/getUserList', '管理员', 2, 'USER-07', 'PC端 | Chrome 113.0.0.0 | Windows Windows 10 or Windows Server 2016'),
	('1663722053234200576', NULL, '2023-05-31 09:40:22.652000', 0, NULL, '2023-05-31 09:40:22.652000', 50, '127.0.0.1', '本地测试', '查询子部门', '{}', 'GET', '/zwz/department/getByParentId', '管理员', 2, 'DEP-01', 'PC端 | Chrome 113.0.0.0 | Windows Windows 10 or Windows Server 2016'),
	('1663722116593356800', NULL, '2023-05-31 09:40:37.791000', 0, NULL, '2023-05-31 09:40:37.791000', 81, '127.0.0.1', '本地测试', '查询单个数据字典的值', '{}', 'GET', '/zwz/dictData/getByType/permission_type', '管理员', 2, 'DICT_DATA-01', 'PC端 | Chrome 113.0.0.0 | Windows Windows 10 or Windows Server 2016'),
	('1663722141062926340', NULL, '2023-05-31 09:40:43.685000', 0, NULL, '2023-05-31 09:40:43.685000', 140, '127.0.0.1', '本地测试', '查询菜单权限拥有者', '{"permissionId":"1530689602321518592"}', 'GET', '/zwz/permission/getUserByPermission', '管理员', 2, 'PERMISSION-01', 'PC端 | Chrome 113.0.0.0 | Windows Windows 10 or Windows Server 2016'),
	('1663722289725837314', NULL, '2023-05-31 09:41:19.072000', 0, NULL, '2023-05-31 09:41:19.072000', 94, '127.0.0.1', '本地测试', '查询菜单', '{}', 'GET', '/zwz/permission/getMenuList', '管理员', 2, 'PERMISSION-02', 'PC端 | Chrome 113.0.0.0 | Windows Windows 10 or Windows Server 2016'),
	('1663722291026071552', NULL, '2023-05-31 09:41:19.343000', 0, NULL, '2023-05-31 09:41:19.343000', 34, '127.0.0.1', '本地测试', '查询单个数据字典的值', '{}', 'GET', '/zwz/dictData/getByType/permission_type', '管理员', 2, 'DICT_DATA-01', 'PC端 | Chrome 113.0.0.0 | Windows Windows 10 or Windows Server 2016'),
	('1663722414946783232', NULL, '2023-05-31 09:41:48.926000', 0, NULL, '2023-05-31 09:41:48.926000', 94, '127.0.0.1', '本地测试', '登录系统', '{"username":"admin","password":"","code":"6025","captchaId":"4ed12e33e657463087424661bdd4c86b","saveLogin":"true"}', 'POST', '/zwz/login', 'admin', 1, '', 'PC端 | Chrome 113.0.0.0 | Windows Windows 10 or Windows Server 2016'),
	('1663722414946783235', NULL, '2023-05-31 09:41:48.942000', 0, NULL, '2023-05-31 09:41:48.942000', 94, '127.0.0.1', '本地测试', '获取当前登录用户', '{}', 'GET', '/zwz/user/info', 'admin', 2, 'USER-02', 'PC端 | Chrome 113.0.0.0 | Windows Windows 10 or Windows Server 2016'),
	('1663722415768866816', NULL, '2023-05-31 09:41:49.086000', 0, NULL, '2023-05-31 09:41:49.086000', 113, '127.0.0.1', '本地测试', '查询菜单', '{}', 'GET', '/zwz/permission/getMenuList', 'admin', 2, 'PERMISSION-02', 'PC端 | Chrome 113.0.0.0 | Windows Windows 10 or Windows Server 2016'),
	('1663722416666447895', NULL, '2023-05-31 09:41:49.305000', 0, NULL, '2023-05-31 09:41:49.305000', 47, '127.0.0.1', '本地测试', '查询个人门户菜单B', '{}', 'POST', '/zwz/myDoor/getMyDoorList6', 'admin', 2, 'MY-DOOR-02', 'PC端 | Chrome 113.0.0.0 | Windows Windows 10 or Windows Server 2016'),
	('1663722431740776462', NULL, '2023-05-31 09:41:52.905000', 0, NULL, '2023-05-31 09:41:52.905000', 53, '127.0.0.1', '本地测试', '查询单个数据字典的值', '{}', 'GET', '/zwz/dictData/getByType/permission_type', 'admin', 2, 'DICT_DATA-01', 'PC端 | Chrome 113.0.0.0 | Windows Windows 10 or Windows Server 2016'),
	('1663722431866605568', NULL, '2023-05-31 09:41:52.910000', 0, NULL, '2023-05-31 09:41:52.910000', 58, '127.0.0.1', '本地测试', '查询全部菜单', '{}', 'GET', '/zwz/permission/getAllList', 'admin', 2, 'PERMISSION-04', 'PC端 | Chrome 113.0.0.0 | Windows Windows 10 or Windows Server 2016'),
	('1663722441878409219', NULL, '2023-05-31 09:41:55.305000', 0, NULL, '2023-05-31 09:41:55.305000', 40, '127.0.0.1', '本地测试', '查询菜单权限拥有者', '{"permissionId":"5129710648430593"}', 'GET', '/zwz/permission/getUserByPermission', 'admin', 2, 'PERMISSION-01', 'PC端 | Chrome 113.0.0.0 | Windows Windows 10 or Windows Server 2016'),
	('1663722611194073088', NULL, '2023-05-31 09:42:35.742000', 0, NULL, '2023-05-31 09:42:35.742000', 112, '127.0.0.1', '本地测试', '查询单个数据字典的值', '{}', 'GET', '/zwz/dictData/getByType/permission_type', 'admin', 2, 'DICT_DATA-01', 'PC端 | Chrome 113.0.0.0 | Windows Windows 10 or Windows Server 2016'),
	('1663722638897451008', NULL, '2023-05-31 09:42:42.309000', 0, NULL, '2023-05-31 09:42:42.309000', 70, '127.0.0.1', '本地测试', '查询单个数据字典的值', '{}', 'GET', '/zwz/dictData/getByType/permission_type', 'admin', 2, 'DICT_DATA-01', 'PC端 | Chrome 113.0.0.0 | Windows Windows 10 or Windows Server 2016'),
	('1663722714512363531', NULL, '2023-05-31 09:43:00.350000', 0, NULL, '2023-05-31 09:43:00.350000', 76, '127.0.0.1', '本地测试', '查询单个数据字典的值', '{}', 'GET', '/zwz/dictData/getByType/permission_type', 'admin', 2, 'DICT_DATA-01', 'PC端 | Chrome 113.0.0.0 | Windows Windows 10 or Windows Server 2016'),
	('1663722747391512577', NULL, '2023-05-31 09:43:08.186000', 0, NULL, '2023-05-31 09:43:08.186000', 68, '127.0.0.1', '本地测试', '查询菜单权限拥有者', '{"permissionId":"1464484663442673664"}', 'GET', '/zwz/permission/getUserByPermission', 'admin', 2, 'PERMISSION-01', 'PC端 | Chrome 113.0.0.0 | Windows Windows 10 or Windows Server 2016'),
	('1663723238833917954', NULL, '2023-05-31 09:45:05.373000', 0, NULL, '2023-05-31 09:45:05.373000', 98, '127.0.0.1', '本地测试', '查询单个数据字典的值', '{}', 'GET', '/zwz/dictData/getByType/permission_type', 'admin', 2, 'DICT_DATA-01', 'PC端 | Chrome 113.0.0.0 | Windows Windows 10 or Windows Server 2016'),
	('1663723254378008581', NULL, '2023-05-31 09:45:09.031000', 0, NULL, '2023-05-31 09:45:09.031000', 47, '127.0.0.1', '本地测试', '查询菜单权限拥有者', '{"permissionId":"5129710648430593"}', 'GET', '/zwz/permission/getUserByPermission', 'admin', 2, 'PERMISSION-01', 'PC端 | Chrome 113.0.0.0 | Windows Windows 10 or Windows Server 2016'),
	('1663723263479648261', NULL, '2023-05-31 09:45:11.190000', 0, NULL, '2023-05-31 09:45:11.190000', 36, '127.0.0.1', '本地测试', '查询菜单权限拥有者', '{"permissionId":"1464484663442673664"}', 'GET', '/zwz/permission/getUserByPermission', 'admin', 2, 'PERMISSION-01', 'PC端 | Chrome 113.0.0.0 | Windows Windows 10 or Windows Server 2016'),
	('1663723364973416459', NULL, '2023-05-31 09:45:35.416000', 0, NULL, '2023-05-31 09:45:35.416000', 49, '127.0.0.1', '本地测试', '查询单个数据字典的值', '{}', 'GET', '/zwz/dictData/getByType/permission_type', 'admin', 2, 'DICT_DATA-01', 'PC端 | Chrome 113.0.0.0 | Windows Windows 10 or Windows Server 2016'),
	('1663723381511557125', NULL, '2023-05-31 09:45:39.326000', 0, NULL, '2023-05-31 09:45:39.326000', 31, '127.0.0.1', '本地测试', '查询菜单权限拥有者', '{"permissionId":"1464484663442673664"}', 'GET', '/zwz/permission/getUserByPermission', 'admin', 2, 'PERMISSION-01', 'PC端 | Chrome 113.0.0.0 | Windows Windows 10 or Windows Server 2016'),
	('1663723383352856577', NULL, '2023-05-31 09:45:39.749000', 0, NULL, '2023-05-31 09:45:39.749000', 31, '127.0.0.1', '本地测试', '查询菜单权限拥有者', '{"permissionId":"5129710648430593"}', 'GET', '/zwz/permission/getUserByPermission', 'admin', 2, 'PERMISSION-01', 'PC端 | Chrome 113.0.0.0 | Windows Windows 10 or Windows Server 2016'),
	('1663723433185382402', NULL, '2023-05-31 09:45:51.680000', 0, NULL, '2023-05-31 09:45:51.680000', 68, '127.0.0.1', '本地测试', '查询单个数据字典的值', '{}', 'GET', '/zwz/dictData/getByType/permission_type', 'admin', 2, 'DICT_DATA-01', 'PC端 | Chrome 113.0.0.0 | Windows Windows 10 or Windows Server 2016'),
	('1663723439489421317', NULL, '2023-05-31 09:45:53.149000', 0, NULL, '2023-05-31 09:45:53.149000', 31, '127.0.0.1', '本地测试', '查询菜单权限拥有者', '{"permissionId":"5129710648430593"}', 'GET', '/zwz/permission/getUserByPermission', 'admin', 2, 'PERMISSION-01', 'PC端 | Chrome 113.0.0.0 | Windows Windows 10 or Windows Server 2016'),
	('1663723468010688512', NULL, '2023-05-31 09:45:59.972000', 0, NULL, '2023-05-31 09:45:59.972000', 55, '127.0.0.1', '本地测试', '添加菜单', '{"icon":"","type":"1","parentId":"5129710648430593","level":"3","sortOrder":"1","buttonType":"add","status":"0","path":"无","title":"添加用户","name":"","component":""}', 'POST', '/zwz/permission/add', 'admin', 2, 'PERMISSION-06', 'PC端 | Chrome 113.0.0.0 | Windows Windows 10 or Windows Server 2016'),
	('1663723469667438608', NULL, '2023-05-31 09:46:00.350000', 0, NULL, '2023-05-31 09:46:00.350000', 20, '127.0.0.1', '本地测试', '查询单个数据字典的值', '{}', 'GET', '/zwz/dictData/getByType/permission_type', 'admin', 2, 'DICT_DATA-01', 'PC端 | Chrome 113.0.0.0 | Windows Windows 10 or Windows Server 2016'),
	('1663723469667438617', NULL, '2023-05-31 09:46:00.371000', 0, NULL, '2023-05-31 09:46:00.371000', 58, '127.0.0.1', '本地测试', '查询菜单', '{}', 'GET', '/zwz/permission/getMenuList', 'admin', 2, 'PERMISSION-02', 'PC端 | Chrome 113.0.0.0 | Windows Windows 10 or Windows Server 2016'),
	('1663723469751324681', NULL, '2023-05-31 09:46:00.398000', 0, NULL, '2023-05-31 09:46:00.398000', 83, '127.0.0.1', '本地测试', '查询全部菜单', '{}', 'GET', '/zwz/permission/getAllList', 'admin', 2, 'PERMISSION-04', 'PC端 | Chrome 113.0.0.0 | Windows Windows 10 or Windows Server 2016'),
	('1663723475614961664', NULL, '2023-05-31 09:46:01.752000', 0, NULL, '2023-05-31 09:46:01.752000', 27, '127.0.0.1', '本地测试', '查询菜单权限拥有者', '{"permissionId":"5129710648430593"}', 'GET', '/zwz/permission/getUserByPermission', 'admin', 2, 'PERMISSION-01', 'PC端 | Chrome 113.0.0.0 | Windows Windows 10 or Windows Server 2016'),
	('1663723511857942528', NULL, '2023-05-31 09:46:10.431000', 0, NULL, '2023-05-31 09:46:10.431000', 48, '127.0.0.1', '本地测试', '添加菜单', '{"icon":"","type":"1","parentId":"5129710648430593","level":"3","sortOrder":"2","buttonType":"edit","status":"0","path":"无","title":"编辑用户","name":"","component":""}', 'POST', '/zwz/permission/add', 'admin', 2, 'PERMISSION-06', 'PC端 | Chrome 113.0.0.0 | Windows Windows 10 or Windows Server 2016'),
	('1663723512948461570', NULL, '2023-05-31 09:46:10.652000', 0, NULL, '2023-05-31 09:46:10.652000', 20, '127.0.0.1', '本地测试', '查询菜单', '{}', 'GET', '/zwz/permission/getMenuList', 'admin', 2, 'PERMISSION-02', 'PC端 | Chrome 113.0.0.0 | Windows Windows 10 or Windows Server 2016'),
	('1663723513514692609', NULL, '2023-05-31 09:46:10.790000', 0, NULL, '2023-05-31 09:46:10.790000', 26, '127.0.0.1', '本地测试', '查询单个数据字典的值', '{}', 'GET', '/zwz/dictData/getByType/permission_type', 'admin', 2, 'DICT_DATA-01', 'PC端 | Chrome 113.0.0.0 | Windows Windows 10 or Windows Server 2016'),
	('1663723513640521728', NULL, '2023-05-31 09:46:10.822000', 0, NULL, '2023-05-31 09:46:10.822000', 58, '127.0.0.1', '本地测试', '查询全部菜单', '{}', 'GET', '/zwz/permission/getAllList', 'admin', 2, 'PERMISSION-04', 'PC端 | Chrome 113.0.0.0 | Windows Windows 10 or Windows Server 2016'),
	('1663723538646962176', NULL, '2023-05-31 09:46:16.812000', 0, NULL, '2023-05-31 09:46:16.812000', 58, '127.0.0.1', '本地测试', '添加菜单', '{"icon":"","type":"1","parentId":"5129710648430593","level":"3","sortOrder":"3","buttonType":"delete","status":"0","path":"无","title":"删除用户","name":"","component":""}', 'POST', '/zwz/permission/add', 'admin', 2, 'PERMISSION-06', 'PC端 | Chrome 113.0.0.0 | Windows Windows 10 or Windows Server 2016'),
	('1663723540215631890', NULL, '2023-05-31 09:46:17.153000', 0, NULL, '2023-05-31 09:46:17.153000', 20, '127.0.0.1', '本地测试', '查询单个数据字典的值', '{}', 'GET', '/zwz/dictData/getByType/permission_type', 'admin', 2, 'DICT_DATA-01', 'PC端 | Chrome 113.0.0.0 | Windows Windows 10 or Windows Server 2016'),
	('1663723540215631897', NULL, '2023-05-31 09:46:17.193000', 0, NULL, '2023-05-31 09:46:17.193000', 60, '127.0.0.1', '本地测试', '查询菜单', '{}', 'GET', '/zwz/permission/getMenuList', 'admin', 2, 'PERMISSION-02', 'PC端 | Chrome 113.0.0.0 | Windows Windows 10 or Windows Server 2016'),
	('1663723540299517961', NULL, '2023-05-31 09:46:17.188000', 0, NULL, '2023-05-31 09:46:17.188000', 55, '127.0.0.1', '本地测试', '查询全部菜单', '{}', 'GET', '/zwz/permission/getAllList', 'admin', 2, 'PERMISSION-04', 'PC端 | Chrome 113.0.0.0 | Windows Windows 10 or Windows Server 2016'),
	('1663723877039214614', NULL, '2023-05-31 09:47:37.533000', 0, NULL, '2023-05-31 09:47:37.533000', 111, '127.0.0.1', '本地测试', '查询角色', '{"pageNumber":"1","pageSize":"15","sort":"createTime","order":"desc"}', 'GET', '/zwz/role/getAllByPage', 'admin', 2, 'ROLE-02', 'PC端 | Chrome 113.0.0.0 | Windows Windows 10 or Windows Server 2016'),
	('1663723894877589504', NULL, '2023-05-31 09:47:41.722000', 0, NULL, '2023-05-31 09:47:41.722000', 64, '127.0.0.1', '本地测试', '修改菜单权限', '{"roleId":"1536606659751841799","permIds":"125909152017944576,1464484663442673664,5129710648430593,1663723467998105600,1663723511849553920,1663723538621796352,40238597734928384,5129710648430594,5129710648430595,56309618086776832,41363147411427328,1530689602321518592,1535166438371889152,1536599942410407936,1536600125332393984,1536600268379131904,1536604417711804416,1536606273959759872,1536606372668510208,1536606464712511488,1536606550951596032,1536606637815631872,1536875505901506560"}', 'POST', '/zwz/role/editRolePerm', 'admin', 2, 'ROLE-04', 'PC端 | Chrome 113.0.0.0 | Windows Windows 10 or Windows Server 2016'),
	('1663723895884222464', NULL, '2023-05-31 09:47:41.951000', 0, NULL, '2023-05-31 09:47:41.951000', 59, '127.0.0.1', '本地测试', '查询菜单', '{}', 'GET', '/zwz/permission/getMenuList', 'admin', 2, 'PERMISSION-02', 'PC端 | Chrome 113.0.0.0 | Windows Windows 10 or Windows Server 2016'),
	('1663723896471425024', NULL, '2023-05-31 09:47:42.096000', 0, NULL, '2023-05-31 09:47:42.096000', 31, '127.0.0.1', '本地测试', '查询角色', '{"pageNumber":"1","pageSize":"15","sort":"createTime","order":"desc"}', 'GET', '/zwz/role/getAllByPage', 'admin', 2, 'ROLE-02', 'PC端 | Chrome 113.0.0.0 | Windows Windows 10 or Windows Server 2016'),
	('1663723905631784960', NULL, '2023-05-31 09:47:44.282000', 0, NULL, '2023-05-31 09:47:44.282000', 29, '127.0.0.1', '本地测试', '查询菜单', '{}', 'GET', '/zwz/permission/getMenuList', 'admin', 2, 'PERMISSION-02', 'PC端 | Chrome 113.0.0.0 | Windows Windows 10 or Windows Server 2016'),
	('1663723906281902080', NULL, '2023-05-31 09:47:44.436000', 0, NULL, '2023-05-31 09:47:44.436000', 36, '127.0.0.1', '本地测试', '查询角色', '{"pageNumber":"1","pageSize":"15","sort":"createTime","order":"desc"}', 'GET', '/zwz/role/getAllByPage', 'admin', 2, 'ROLE-02', 'PC端 | Chrome 113.0.0.0 | Windows Windows 10 or Windows Server 2016'),
	('1663723975857016832', NULL, '2023-05-31 09:48:01.062000', 0, NULL, '2023-05-31 09:48:01.062000', 72, '127.0.0.1', '本地测试', '查询角色', '{"pageNumber":"1","pageSize":"15","sort":"createTime","order":"desc"}', 'GET', '/zwz/role/getAllByPage', 'admin', 2, 'ROLE-02', 'PC端 | Chrome 113.0.0.0 | Windows Windows 10 or Windows Server 2016'),
	('1663723989278789634', NULL, '2023-05-31 09:48:04.229000', 0, NULL, '2023-05-31 09:48:04.229000', 31, '127.0.0.1', '本地测试', '查看单个配置', '{"id":"FILE_PATH"}', 'GET', '/zwz/setting/getOne', 'admin', 2, 'SETTING-01', 'PC端 | Chrome 113.0.0.0 | Windows Windows 10 or Windows Server 2016'),
	('1663723989341704196', NULL, '2023-05-31 09:48:04.276000', 0, NULL, '2023-05-31 09:48:04.276000', 78, '127.0.0.1', '本地测试', '查询系统文件', '{"name":"","fkey":"","type":"","pageNumber":"1","pageSize":"15","sort":"createTime","order":"desc","startDate":"","endDate":""}', 'GET', '/zwz/file/getByCondition', 'admin', 2, 'FILE-01', 'PC端 | Chrome 113.0.0.0 | Windows Windows 10 or Windows Server 2016'),
	('1663723989933101057', NULL, '2023-05-31 09:48:04.385000', 0, NULL, '2023-05-31 09:48:04.385000', 16, '127.0.0.1', '本地测试', '查看单个配置', '{"id":"FILE_HTTP"}', 'GET', '/zwz/setting/getOne', 'admin', 2, 'SETTING-01', 'PC端 | Chrome 113.0.0.0 | Windows Windows 10 or Windows Server 2016'),
	('1663723990524497921', NULL, '2023-05-31 09:48:04.535000', 0, NULL, '2023-05-31 09:48:04.535000', 31, '127.0.0.1', '本地测试', '查看单个配置', '{"id":"FILE_VIEW"}', 'GET', '/zwz/setting/getOne', 'admin', 2, 'SETTING-01', 'PC端 | Chrome 113.0.0.0 | Windows Windows 10 or Windows Server 2016'),
	('1663724006899060736', NULL, '2023-05-31 09:48:08.432000', 0, NULL, '2023-05-31 09:48:08.432000', 43, '127.0.0.1', '本地测试', '查询子部门', '{}', 'GET', '/zwz/department/getByParentId', 'admin', 2, 'DEP-01', 'PC端 | Chrome 113.0.0.0 | Windows Windows 10 or Windows Server 2016'),
	('1663724008174129152', NULL, '2023-05-31 09:48:08.731000', 0, NULL, '2023-05-31 09:48:08.731000', 32, '127.0.0.1', '本地测试', '查询用户', '{"pageNumber":"1","pageSize":"10","sort":"createTime","order":"desc","departmentId":""}', 'GET', '/zwz/myUser/getByPage', 'admin', 2, 'USER-01', 'PC端 | Chrome 113.0.0.0 | Windows Windows 10 or Windows Server 2016'),
	('1663724008367067139', NULL, '2023-05-31 09:48:08.775000', 0, NULL, '2023-05-31 09:48:08.775000', 29, '127.0.0.1', '本地测试', '查询子部门', '{}', 'GET', '/zwz/department/getByParentId', 'admin', 2, 'DEP-01', 'PC端 | Chrome 113.0.0.0 | Windows Windows 10 or Windows Server 2016'),
	('1663724015048593412', NULL, '2023-05-31 09:48:10.373000', 0, NULL, '2023-05-31 09:48:10.373000', 20, '127.0.0.1', '本地测试', '查询全部角色', '{}', 'GET', '/zwz/role/getAllList', 'admin', 2, 'ROLE-01', 'PC端 | Chrome 113.0.0.0 | Windows Windows 10 or Windows Server 2016'),
	('1663724015048593416', NULL, '2023-05-31 09:48:10.432000', 0, NULL, '2023-05-31 09:48:10.432000', 90, '127.0.0.1', '本地测试', '查询子部门', '{}', 'GET', '/zwz/department/getByParentId', 'admin', 2, 'DEP-01', 'PC端 | Chrome 113.0.0.0 | Windows Windows 10 or Windows Server 2016'),
	('1663724015048593420', NULL, '2023-05-31 09:48:10.412000', 0, NULL, '2023-05-31 09:48:10.412000', 71, '127.0.0.1', '本地测试', '查询单个数据字典的值', '{}', 'GET', '/zwz/dictData/getByType/sex', 'admin', 2, 'DICT_DATA-01', 'PC端 | Chrome 113.0.0.0 | Windows Windows 10 or Windows Server 2016'),
	('1663724015128285186', NULL, '2023-05-31 09:48:10.432000', 0, NULL, '2023-05-31 09:48:10.432000', 90, '127.0.0.1', '本地测试', '查询用户', '{"nickname":"","departmentId":"","pageNumber":"1","pageSize":"20","sort":"createTime","order":"desc"}', 'GET', '/zwz/user/getUserList', 'admin', 2, 'USER-07', 'PC端 | Chrome 113.0.0.0 | Windows Windows 10 or Windows Server 2016'),
	('1663724016747286528', NULL, '2023-05-31 09:48:10.787000', 0, NULL, '2023-05-31 09:48:10.787000', 46, '127.0.0.1', '本地测试', '查询子部门', '{}', 'GET', '/zwz/department/getByParentId', 'admin', 2, 'DEP-01', 'PC端 | Chrome 113.0.0.0 | Windows Windows 10 or Windows Server 2016'),
	('1663724032962465792', NULL, '2023-05-31 09:48:14.651000', 0, NULL, '2023-05-31 09:48:14.651000', 51, '127.0.0.1', '本地测试', '查询角色', '{"pageNumber":"1","pageSize":"15","sort":"createTime","order":"desc"}', 'GET', '/zwz/role/getAllByPage', 'admin', 2, 'ROLE-02', 'PC端 | Chrome 113.0.0.0 | Windows Windows 10 or Windows Server 2016'),
	('1663724034602438656', NULL, '2023-05-31 09:48:15.040000', 0, NULL, '2023-05-31 09:48:15.040000', 38, '127.0.0.1', '本地测试', '查询单个数据字典的值', '{}', 'GET', '/zwz/dictData/getByType/permission_type', 'admin', 2, 'DICT_DATA-01', 'PC端 | Chrome 113.0.0.0 | Windows Windows 10 or Windows Server 2016'),
	('1663724060896530436', NULL, '2023-05-31 09:48:21.368000', 0, NULL, '2023-05-31 09:48:21.368000', 81, '127.0.0.1', '本地测试', '查询菜单权限拥有者', '{"permissionId":"1663723467998105600"}', 'GET', '/zwz/permission/getUserByPermission', 'admin', 2, 'PERMISSION-01', 'PC端 | Chrome 113.0.0.0 | Windows Windows 10 or Windows Server 2016'),
	('1663724069318692869', NULL, '2023-05-31 09:48:23.312000', 0, NULL, '2023-05-31 09:48:23.312000', 31, '127.0.0.1', '本地测试', '查询菜单权限拥有者', '{"permissionId":"5129710648430593"}', 'GET', '/zwz/permission/getUserByPermission', 'admin', 2, 'PERMISSION-01', 'PC端 | Chrome 113.0.0.0 | Windows Windows 10 or Windows Server 2016'),
	('1663724078671990789', NULL, '2023-05-31 09:48:25.551000', 0, NULL, '2023-05-31 09:48:25.551000', 40, '127.0.0.1', '本地测试', '查询菜单权限拥有者', '{"permissionId":"40238597734928384"}', 'GET', '/zwz/permission/getUserByPermission', 'admin', 2, 'PERMISSION-01', 'PC端 | Chrome 113.0.0.0 | Windows Windows 10 or Windows Server 2016'),
	('1663724125681750016', NULL, '2023-05-31 09:48:36.811000', 0, NULL, '2023-05-31 09:48:36.811000', 94, '127.0.0.1', '本地测试', '添加菜单', '{"icon":"","type":"1","parentId":"40238597734928384","level":"3","sortOrder":"1","buttonType":"add","status":"0","path":"无","title":"添加部门","name":"","component":""}', 'POST', '/zwz/permission/add', 'admin', 2, 'PERMISSION-06', 'PC端 | Chrome 113.0.0.0 | Windows Windows 10 or Windows Server 2016'),
	('1663724127510466573', NULL, '2023-05-31 09:48:37.193000', 0, NULL, '2023-05-31 09:48:37.193000', 41, '127.0.0.1', '本地测试', '查询单个数据字典的值', '{}', 'GET', '/zwz/dictData/getByType/permission_type', 'admin', 2, 'DICT_DATA-01', 'PC端 | Chrome 113.0.0.0 | Windows Windows 10 or Windows Server 2016'),
	('1663724127510466581', NULL, '2023-05-31 09:48:37.234000', 0, NULL, '2023-05-31 09:48:37.234000', 81, '127.0.0.1', '本地测试', '查询菜单', '{}', 'GET', '/zwz/permission/getMenuList', 'admin', 2, 'PERMISSION-02', 'PC端 | Chrome 113.0.0.0 | Windows Windows 10 or Windows Server 2016'),
	('1663724127581769728', NULL, '2023-05-31 09:48:37.246000', 0, NULL, '2023-05-31 09:48:37.246000', 94, '127.0.0.1', '本地测试', '查询全部菜单', '{}', 'GET', '/zwz/permission/getAllList', 'admin', 2, 'PERMISSION-04', 'PC端 | Chrome 113.0.0.0 | Windows Windows 10 or Windows Server 2016'),
	('1663724149740277760', NULL, '2023-05-31 09:48:42.554000', 0, NULL, '2023-05-31 09:48:42.554000', 99, '127.0.0.1', '本地测试', '添加菜单', '{"icon":"","type":"1","parentId":"40238597734928384","level":"3","sortOrder":"2","buttonType":"edit","status":"0","path":"无","title":"编辑部门","name":"","component":""}', 'POST', '/zwz/permission/add', 'admin', 2, 'PERMISSION-06', 'PC端 | Chrome 113.0.0.0 | Windows Windows 10 or Windows Server 2016'),
	('1663724151581577234', NULL, '2023-05-31 09:48:42.933000', 0, NULL, '2023-05-31 09:48:42.933000', 39, '127.0.0.1', '本地测试', '查询单个数据字典的值', '{}', 'GET', '/zwz/dictData/getByType/permission_type', 'admin', 2, 'DICT_DATA-01', 'PC端 | Chrome 113.0.0.0 | Windows Windows 10 or Windows Server 2016'),
	('1663724151581577241', NULL, '2023-05-31 09:48:42.995000', 0, NULL, '2023-05-31 09:48:42.995000', 98, '127.0.0.1', '本地测试', '查询菜单', '{}', 'GET', '/zwz/permission/getMenuList', 'admin', 2, 'PERMISSION-02', 'PC端 | Chrome 113.0.0.0 | Windows Windows 10 or Windows Server 2016'),
	('1663724151661268992', NULL, '2023-05-31 09:48:42.976000', 0, NULL, '2023-05-31 09:48:42.976000', 82, '127.0.0.1', '本地测试', '查询全部菜单', '{}', 'GET', '/zwz/permission/getAllList', 'admin', 2, 'PERMISSION-04', 'PC端 | Chrome 113.0.0.0 | Windows Windows 10 or Windows Server 2016'),
	('1663724174402785280', NULL, '2023-05-31 09:48:48.415000', 0, NULL, '2023-05-31 09:48:48.415000', 80, '127.0.0.1', '本地测试', '添加菜单', '{"icon":"","type":"1","parentId":"40238597734928384","level":"3","sortOrder":"3","buttonType":"delete","status":"0","path":"无","title":"删除部门","name":"","component":""}', 'POST', '/zwz/permission/add', 'admin', 2, 'PERMISSION-06', 'PC端 | Chrome 113.0.0.0 | Windows Windows 10 or Windows Server 2016'),
	('1663724176189558784', NULL, '2023-05-31 09:48:48.792000', 0, NULL, '2023-05-31 09:48:48.792000', 35, '127.0.0.1', '本地测试', '查询单个数据字典的值', '{}', 'GET', '/zwz/dictData/getByType/permission_type', 'admin', 2, 'DICT_DATA-01', 'PC端 | Chrome 113.0.0.0 | Windows Windows 10 or Windows Server 2016'),
	('1663724176193753092', NULL, '2023-05-31 09:48:48.812000', 0, NULL, '2023-05-31 09:48:48.812000', 55, '127.0.0.1', '本地测试', '查询菜单', '{}', 'GET', '/zwz/permission/getMenuList', 'admin', 2, 'PERMISSION-02', 'PC端 | Chrome 113.0.0.0 | Windows Windows 10 or Windows Server 2016'),
	('1663724176235696137', NULL, '2023-05-31 09:48:48.855000', 0, NULL, '2023-05-31 09:48:48.855000', 98, '127.0.0.1', '本地测试', '查询全部菜单', '{}', 'GET', '/zwz/permission/getAllList', 'admin', 2, 'PERMISSION-04', 'PC端 | Chrome 113.0.0.0 | Windows Windows 10 or Windows Server 2016'),
	('1663724201527349253', NULL, '2023-05-31 09:48:54.872000', 0, NULL, '2023-05-31 09:48:54.872000', 70, '127.0.0.1', '本地测试', '查询菜单权限拥有者', '{"permissionId":"5129710648430594"}', 'GET', '/zwz/permission/getUserByPermission', 'admin', 2, 'PERMISSION-01', 'PC端 | Chrome 113.0.0.0 | Windows Windows 10 or Windows Server 2016'),
	('1663724230598070272', NULL, '2023-05-31 09:49:01.813000', 0, NULL, '2023-05-31 09:49:01.813000', 80, '127.0.0.1', '本地测试', '添加菜单', '{"icon":"","type":"1","parentId":"5129710648430594","level":"3","sortOrder":"1","buttonType":"add","status":"0","path":"无","title":"添加角色","name":"","component":""}', 'POST', '/zwz/permission/add', 'admin', 2, 'PERMISSION-06', 'PC端 | Chrome 113.0.0.0 | Windows Windows 10 or Windows Server 2016'),
	('1663724231684395010', NULL, '2023-05-31 09:49:02.037000', 0, NULL, '2023-05-31 09:49:02.037000', 45, '127.0.0.1', '本地测试', '查询菜单', '{}', 'GET', '/zwz/permission/getMenuList', 'admin', 2, 'PERMISSION-02', 'PC端 | Chrome 113.0.0.0 | Windows Windows 10 or Windows Server 2016'),
	('1663724232393232384', NULL, '2023-05-31 09:49:02.202000', 0, NULL, '2023-05-31 09:49:02.202000', 46, '127.0.0.1', '本地测试', '查询单个数据字典的值', '{}', 'GET', '/zwz/dictData/getByType/permission_type', 'admin', 2, 'DICT_DATA-01', 'PC端 | Chrome 113.0.0.0 | Windows Windows 10 or Windows Server 2016'),
	('1663724232506478592', NULL, '2023-05-31 09:49:02.264000', 0, NULL, '2023-05-31 09:49:02.264000', 108, '127.0.0.1', '本地测试', '查询全部菜单', '{}', 'GET', '/zwz/permission/getAllList', 'admin', 2, 'PERMISSION-04', 'PC端 | Chrome 113.0.0.0 | Windows Windows 10 or Windows Server 2016'),
	('1663724255348658176', NULL, '2023-05-31 09:49:07.710000', 0, NULL, '2023-05-31 09:49:07.710000', 66, '127.0.0.1', '本地测试', '添加菜单', '{"icon":"","type":"1","parentId":"5129710648430594","level":"3","sortOrder":"2","buttonType":"edit","status":"0","path":"无","title":"编辑角色","name":"","component":""}', 'POST', '/zwz/permission/add', 'admin', 2, 'PERMISSION-06', 'PC端 | Chrome 113.0.0.0 | Windows Windows 10 or Windows Server 2016'),
	('1663724257110265869', NULL, '2023-05-31 09:49:08.093000', 0, NULL, '2023-05-31 09:49:08.093000', 40, '127.0.0.1', '本地测试', '查询单个数据字典的值', '{}', 'GET', '/zwz/dictData/getByType/permission_type', 'admin', 2, 'DICT_DATA-01', 'PC端 | Chrome 113.0.0.0 | Windows Windows 10 or Windows Server 2016'),
	('1663724257110265877', NULL, '2023-05-31 09:49:08.134000', 0, NULL, '2023-05-31 09:49:08.134000', 83, '127.0.0.1', '本地测试', '查询菜单', '{}', 'GET', '/zwz/permission/getMenuList', 'admin', 2, 'PERMISSION-02', 'PC端 | Chrome 113.0.0.0 | Windows Windows 10 or Windows Server 2016'),
	('1663724257185763328', NULL, '2023-05-31 09:49:08.154000', 0, NULL, '2023-05-31 09:49:08.154000', 101, '127.0.0.1', '本地测试', '查询全部菜单', '{}', 'GET', '/zwz/permission/getAllList', 'admin', 2, 'PERMISSION-04', 'PC端 | Chrome 113.0.0.0 | Windows Windows 10 or Windows Server 2016'),
	('1663724279591735296', NULL, '2023-05-31 09:49:13.492000', 0, NULL, '2023-05-31 09:49:13.492000', 79, '127.0.0.1', '本地测试', '添加菜单', '{"icon":"","type":"1","parentId":"5129710648430594","level":"3","sortOrder":"3","buttonType":"delete","status":"0","path":"无","title":"删除角色","name":"","component":""}', 'POST', '/zwz/permission/add', 'admin', 2, 'PERMISSION-06', 'PC端 | Chrome 113.0.0.0 | Windows Windows 10 or Windows Server 2016'),
	('1663724281349148688', NULL, '2023-05-31 09:49:13.872000', 0, NULL, '2023-05-31 09:49:13.872000', 39, '127.0.0.1', '本地测试', '查询单个数据字典的值', '{}', 'GET', '/zwz/dictData/getByType/permission_type', 'admin', 2, 'DICT_DATA-01', 'PC端 | Chrome 113.0.0.0 | Windows Windows 10 or Windows Server 2016'),
	('1663724281349148697', NULL, '2023-05-31 09:49:13.908000', 0, NULL, '2023-05-31 09:49:13.908000', 75, '127.0.0.1', '本地测试', '查询菜单', '{}', 'GET', '/zwz/permission/getMenuList', 'admin', 2, 'PERMISSION-02', 'PC端 | Chrome 113.0.0.0 | Windows Windows 10 or Windows Server 2016'),
	('1663724281428840455', NULL, '2023-05-31 09:49:13.931000', 0, NULL, '2023-05-31 09:49:13.931000', 96, '127.0.0.1', '本地测试', '查询全部菜单', '{}', 'GET', '/zwz/permission/getAllList', 'admin', 2, 'PERMISSION-04', 'PC端 | Chrome 113.0.0.0 | Windows Windows 10 or Windows Server 2016'),
	('1663724286134849537', NULL, '2023-05-31 09:49:14.992000', 0, NULL, '2023-05-31 09:49:14.992000', 23, '127.0.0.1', '本地测试', '查询菜单权限拥有者', '{"permissionId":"5129710648430595"}', 'GET', '/zwz/permission/getUserByPermission', 'admin', 2, 'PERMISSION-01', 'PC端 | Chrome 113.0.0.0 | Windows Windows 10 or Windows Server 2016'),
	('1663724293940449285', NULL, '2023-05-31 09:49:16.874000', 0, NULL, '2023-05-31 09:49:16.874000', 39, '127.0.0.1', '本地测试', '查询菜单权限拥有者', '{"permissionId":"5129710648430594"}', 'GET', '/zwz/permission/getUserByPermission', 'admin', 2, 'PERMISSION-01', 'PC端 | Chrome 113.0.0.0 | Windows Windows 10 or Windows Server 2016'),
	('1663724334776193024', NULL, '2023-05-31 09:49:26.633000', 0, NULL, '2023-05-31 09:49:26.633000', 66, '127.0.0.1', '本地测试', '添加菜单', '{"icon":"","type":"1","parentId":"5129710648430594","level":"3","sortOrder":"4","buttonType":"enable","status":"0","path":"无","title":"分配角色权限","name":"","component":""}', 'POST', '/zwz/permission/add', 'admin', 2, 'PERMISSION-06', 'PC端 | Chrome 113.0.0.0 | Windows Windows 10 or Windows Server 2016'),
	('1663724336491663361', NULL, '2023-05-31 09:49:27.014000', 0, NULL, '2023-05-31 09:49:27.014000', 35, '127.0.0.1', '本地测试', '查询单个数据字典的值', '{}', 'GET', '/zwz/dictData/getByType/permission_type', 'admin', 2, 'DICT_DATA-01', 'PC端 | Chrome 113.0.0.0 | Windows Windows 10 or Windows Server 2016'),
	('1663724336495857667', NULL, '2023-05-31 09:49:27.054000', 0, NULL, '2023-05-31 09:49:27.054000', 77, '127.0.0.1', '本地测试', '查询菜单', '{}', 'GET', '/zwz/permission/getMenuList', 'admin', 2, 'PERMISSION-02', 'PC端 | Chrome 113.0.0.0 | Windows Windows 10 or Windows Server 2016'),
	('1663724336558772224', NULL, '2023-05-31 09:49:27.083000', 0, NULL, '2023-05-31 09:49:27.083000', 105, '127.0.0.1', '本地测试', '查询全部菜单', '{}', 'GET', '/zwz/permission/getAllList', 'admin', 2, 'PERMISSION-04', 'PC端 | Chrome 113.0.0.0 | Windows Windows 10 or Windows Server 2016'),
	('1663724340371394565', NULL, '2023-05-31 09:49:27.933000', 0, NULL, '2023-05-31 09:49:27.933000', 28, '127.0.0.1', '本地测试', '查询菜单权限拥有者', '{"permissionId":"5129710648430595"}', 'GET', '/zwz/permission/getUserByPermission', 'admin', 2, 'PERMISSION-01', 'PC端 | Chrome 113.0.0.0 | Windows Windows 10 or Windows Server 2016'),
	('1663724386382909441', NULL, '2023-05-31 09:49:38.973000', 0, NULL, '2023-05-31 09:49:38.973000', 98, '127.0.0.1', '本地测试', '添加菜单', '{"icon":"","type":"1","parentId":"5129710648430595","level":"3","sortOrder":"1","buttonType":"add","status":"0","path":"无","title":"添加菜单","name":"","component":""}', 'POST', '/zwz/permission/add', 'admin', 2, 'PERMISSION-06', 'PC端 | Chrome 113.0.0.0 | Windows Windows 10 or Windows Server 2016'),
	('1663724387465039874', NULL, '2023-05-31 09:49:39.173000', 0, NULL, '2023-05-31 09:49:39.173000', 40, '127.0.0.1', '本地测试', '查询菜单', '{}', 'GET', '/zwz/permission/getMenuList', 'admin', 2, 'PERMISSION-02', 'PC端 | Chrome 113.0.0.0 | Windows Windows 10 or Windows Server 2016'),
	('1663724388199043075', NULL, '2023-05-31 09:49:39.348000', 0, NULL, '2023-05-31 09:49:39.348000', 43, '127.0.0.1', '本地测试', '查询单个数据字典的值', '{}', 'GET', '/zwz/dictData/getByType/permission_type', 'admin', 2, 'DICT_DATA-01', 'PC端 | Chrome 113.0.0.0 | Windows Windows 10 or Windows Server 2016'),
	('1663724388287123456', NULL, '2023-05-31 09:49:39.416000', 0, NULL, '2023-05-31 09:49:39.416000', 110, '127.0.0.1', '本地测试', '查询全部菜单', '{}', 'GET', '/zwz/permission/getAllList', 'admin', 2, 'PERMISSION-04', 'PC端 | Chrome 113.0.0.0 | Windows Windows 10 or Windows Server 2016'),
	('1663724413931098112', NULL, '2023-05-31 09:49:45.493000', 0, NULL, '2023-05-31 09:49:45.493000', 53, '127.0.0.1', '本地测试', '添加菜单', '{"icon":"","type":"1","parentId":"5129710648430595","level":"3","sortOrder":"2","buttonType":"edit","status":"0","path":"无","title":"编辑菜单","name":"","component":""}', 'POST', '/zwz/permission/add', 'admin', 2, 'PERMISSION-06', 'PC端 | Chrome 113.0.0.0 | Windows Windows 10 or Windows Server 2016'),
	('1663724415566876677', NULL, '2023-05-31 09:49:45.854000', 0, NULL, '2023-05-31 09:49:45.854000', 25, '127.0.0.1', '本地测试', '查询单个数据字典的值', '{}', 'GET', '/zwz/dictData/getByType/permission_type', 'admin', 2, 'DICT_DATA-01', 'PC端 | Chrome 113.0.0.0 | Windows Windows 10 or Windows Server 2016'),
	('1663724415571070976', NULL, '2023-05-31 09:49:45.893000', 0, NULL, '2023-05-31 09:49:45.893000', 64, '127.0.0.1', '本地测试', '查询菜单', '{}', 'GET', '/zwz/permission/getMenuList', 'admin', 2, 'PERMISSION-02', 'PC端 | Chrome 113.0.0.0 | Windows Windows 10 or Windows Server 2016'),
	('1663724415575265301', NULL, '2023-05-31 09:49:45.909000', 0, NULL, '2023-05-31 09:49:45.909000', 79, '127.0.0.1', '本地测试', '查询全部菜单', '{}', 'GET', '/zwz/permission/getAllList', 'admin', 2, 'PERMISSION-04', 'PC端 | Chrome 113.0.0.0 | Windows Windows 10 or Windows Server 2016'),
	('1663724441454120960', NULL, '2023-05-31 09:49:52.054000', 0, NULL, '2023-05-31 09:49:52.054000', 53, '127.0.0.1', '本地测试', '添加菜单', '{"icon":"","type":"1","parentId":"5129710648430595","level":"3","sortOrder":"3","buttonType":"delete","status":"0","path":"无","title":"删除菜单","name":"","component":""}', 'POST', '/zwz/permission/add', 'admin', 2, 'PERMISSION-06', 'PC端 | Chrome 113.0.0.0 | Windows Windows 10 or Windows Server 2016'),
	('1663724443182174208', NULL, '2023-05-31 09:49:52.437000', 0, NULL, '2023-05-31 09:49:52.437000', 27, '127.0.0.1', '本地测试', '查询单个数据字典的值', '{}', 'GET', '/zwz/dictData/getByType/permission_type', 'admin', 2, 'DICT_DATA-01', 'PC端 | Chrome 113.0.0.0 | Windows Windows 10 or Windows Server 2016'),
	('1663724443194757124', NULL, '2023-05-31 09:49:52.473000', 0, NULL, '2023-05-31 09:49:52.473000', 63, '127.0.0.1', '本地测试', '查询菜单', '{}', 'GET', '/zwz/permission/getMenuList', 'admin', 2, 'PERMISSION-02', 'PC端 | Chrome 113.0.0.0 | Windows Windows 10 or Windows Server 2016'),
	('1663724443370917888', NULL, '2023-05-31 09:49:52.490000', 0, NULL, '2023-05-31 09:49:52.490000', 77, '127.0.0.1', '本地测试', '查询全部菜单', '{}', 'GET', '/zwz/permission/getAllList', 'admin', 2, 'PERMISSION-04', 'PC端 | Chrome 113.0.0.0 | Windows Windows 10 or Windows Server 2016'),
	('1663724447074488325', NULL, '2023-05-31 09:49:53.372000', 0, NULL, '2023-05-31 09:49:53.372000', 27, '127.0.0.1', '本地测试', '查询菜单权限拥有者', '{"permissionId":"56309618086776832"}', 'GET', '/zwz/permission/getUserByPermission', 'admin', 2, 'PERMISSION-01', 'PC端 | Chrome 113.0.0.0 | Windows Windows 10 or Windows Server 2016'),
	('1663724628784320512', NULL, '2023-05-31 09:50:36.715000', 0, NULL, '2023-05-31 09:50:36.715000', 49, '127.0.0.1', '本地测试', '添加菜单', '{"icon":"","type":"1","parentId":"56309618086776832","level":"3","sortOrder":"1","buttonType":"add","status":"0","path":"无","title":"上传文件","name":"","component":""}', 'POST', '/zwz/permission/add', 'admin', 2, 'PERMISSION-06', 'PC端 | Chrome 113.0.0.0 | Windows Windows 10 or Windows Server 2016'),
	('1663724629904199680', NULL, '2023-05-31 09:50:36.955000', 0, NULL, '2023-05-31 09:50:36.955000', 23, '127.0.0.1', '本地测试', '查询菜单', '{}', 'GET', '/zwz/permission/getMenuList', 'admin', 2, 'PERMISSION-02', 'PC端 | Chrome 113.0.0.0 | Windows Windows 10 or Windows Server 2016'),
	('1663724630361378819', NULL, '2023-05-31 09:50:37.064000', 0, NULL, '2023-05-31 09:50:37.064000', 22, '127.0.0.1', '本地测试', '查询单个数据字典的值', '{}', 'GET', '/zwz/dictData/getByType/permission_type', 'admin', 2, 'DICT_DATA-01', 'PC端 | Chrome 113.0.0.0 | Windows Windows 10 or Windows Server 2016'),
	('1663724630432681984', NULL, '2023-05-31 09:50:37.113000', 0, NULL, '2023-05-31 09:50:37.113000', 70, '127.0.0.1', '本地测试', '查询全部菜单', '{}', 'GET', '/zwz/permission/getAllList', 'admin', 2, 'PERMISSION-04', 'PC端 | Chrome 113.0.0.0 | Windows Windows 10 or Windows Server 2016'),
	('1663724665195073536', NULL, '2023-05-31 09:50:45.394000', 0, NULL, '2023-05-31 09:50:45.394000', 49, '127.0.0.1', '本地测试', '添加菜单', '{"icon":"","type":"1","parentId":"56309618086776832","level":"3","sortOrder":"2","buttonType":"delete","status":"0","path":"无","title":"删除文件","name":"","component":""}', 'POST', '/zwz/permission/add', 'admin', 2, 'PERMISSION-06', 'PC端 | Chrome 113.0.0.0 | Windows Windows 10 or Windows Server 2016'),
	('1663724666835046403', NULL, '2023-05-31 09:50:45.755000', 0, NULL, '2023-05-31 09:50:45.755000', 19, '127.0.0.1', '本地测试', '查询单个数据字典的值', '{}', 'GET', '/zwz/dictData/getByType/permission_type', 'admin', 2, 'DICT_DATA-01', 'PC端 | Chrome 113.0.0.0 | Windows Windows 10 or Windows Server 2016'),
	('1663724666839240704', NULL, '2023-05-31 09:50:45.792000', 0, NULL, '2023-05-31 09:50:45.792000', 43, '127.0.0.1', '本地测试', '查询菜单', '{}', 'GET', '/zwz/permission/getMenuList', 'admin', 2, 'PERMISSION-02', 'PC端 | Chrome 113.0.0.0 | Windows Windows 10 or Windows Server 2016'),
	('1663724666897960960', NULL, '2023-05-31 09:50:45.816000', 0, NULL, '2023-05-31 09:50:45.816000', 79, '127.0.0.1', '本地测试', '查询全部菜单', '{}', 'GET', '/zwz/permission/getAllList', 'admin', 2, 'PERMISSION-04', 'PC端 | Chrome 113.0.0.0 | Windows Windows 10 or Windows Server 2016'),
	('1663724670660251652', NULL, '2023-05-31 09:50:46.672000', 0, NULL, '2023-05-31 09:50:46.672000', 23, '127.0.0.1', '本地测试', '查询菜单权限拥有者', '{"permissionId":"41363147411427328"}', 'GET', '/zwz/permission/getUserByPermission', 'admin', 2, 'PERMISSION-01', 'PC端 | Chrome 113.0.0.0 | Windows Windows 10 or Windows Server 2016'),
	('1663724674019889157', NULL, '2023-05-31 09:50:47.472000', 0, NULL, '2023-05-31 09:50:47.472000', 20, '127.0.0.1', '本地测试', '查询菜单权限拥有者', '{"permissionId":"1530689602321518592"}', 'GET', '/zwz/permission/getUserByPermission', 'admin', 2, 'PERMISSION-01', 'PC端 | Chrome 113.0.0.0 | Windows Windows 10 or Windows Server 2016'),
	('1663724779993174016', NULL, '2023-05-31 09:51:12.793000', 0, NULL, '2023-05-31 09:51:12.793000', 70, '127.0.0.1', '本地测试', '添加菜单', '{"icon":"","type":"1","parentId":"1530689602321518592","level":"3","sortOrder":"1","buttonType":"add","status":"0","path":"无","title":"添加数据字典","name":"","component":""}', 'POST', '/zwz/permission/add', 'admin', 2, 'PERMISSION-06', 'PC端 | Chrome 113.0.0.0 | Windows Windows 10 or Windows Server 2016'),
	('1663724781742198789', NULL, '2023-05-31 09:51:13.172000', 0, NULL, '2023-05-31 09:51:13.172000', 39, '127.0.0.1', '本地测试', '查询单个数据字典的值', '{}', 'GET', '/zwz/dictData/getByType/permission_type', 'admin', 2, 'DICT_DATA-01', 'PC端 | Chrome 113.0.0.0 | Windows Windows 10 or Windows Server 2016'),
	('1663724781742198797', NULL, '2023-05-31 09:51:13.214000', 0, NULL, '2023-05-31 09:51:13.214000', 82, '127.0.0.1', '本地测试', '查询菜单', '{}', 'GET', '/zwz/permission/getMenuList', 'admin', 2, 'PERMISSION-02', 'PC端 | Chrome 113.0.0.0 | Windows Windows 10 or Windows Server 2016'),
	('1663724781813501952', NULL, '2023-05-31 09:51:13.214000', 0, NULL, '2023-05-31 09:51:13.214000', 82, '127.0.0.1', '本地测试', '查询全部菜单', '{}', 'GET', '/zwz/permission/getAllList', 'admin', 2, 'PERMISSION-04', 'PC端 | Chrome 113.0.0.0 | Windows Windows 10 or Windows Server 2016'),
	('1663724805117054976', NULL, '2023-05-31 09:51:18.775000', 0, NULL, '2023-05-31 09:51:18.775000', 70, '127.0.0.1', '本地测试', '添加菜单', '{"icon":"","type":"1","parentId":"1530689602321518592","level":"3","sortOrder":"2","buttonType":"edit","status":"0","path":"无","title":"编辑数据字典","name":"","component":""}', 'POST', '/zwz/permission/add', 'admin', 2, 'PERMISSION-06', 'PC端 | Chrome 113.0.0.0 | Windows Windows 10 or Windows Server 2016'),
	('1663724806828331020', NULL, '2023-05-31 09:51:19.155000', 0, NULL, '2023-05-31 09:51:19.155000', 38, '127.0.0.1', '本地测试', '查询单个数据字典的值', '{}', 'GET', '/zwz/dictData/getByType/permission_type', 'admin', 2, 'DICT_DATA-01', 'PC端 | Chrome 113.0.0.0 | Windows Windows 10 or Windows Server 2016'),
	('1663724806828331029', NULL, '2023-05-31 09:51:19.196000', 0, NULL, '2023-05-31 09:51:19.196000', 82, '127.0.0.1', '本地测试', '查询菜单', '{}', 'GET', '/zwz/permission/getMenuList', 'admin', 2, 'PERMISSION-02', 'PC端 | Chrome 113.0.0.0 | Windows Windows 10 or Windows Server 2016'),
	('1663724806912217088', NULL, '2023-05-31 09:51:19.214000', 0, NULL, '2023-05-31 09:51:19.214000', 98, '127.0.0.1', '本地测试', '查询全部菜单', '{}', 'GET', '/zwz/permission/getAllList', 'admin', 2, 'PERMISSION-04', 'PC端 | Chrome 113.0.0.0 | Windows Windows 10 or Windows Server 2016'),
	('1663724828139589632', NULL, '2023-05-31 09:51:24.236000', 0, NULL, '2023-05-31 09:51:24.236000', 43, '127.0.0.1', '本地测试', '添加菜单', '{"icon":"","type":"1","parentId":"1530689602321518592","level":"3","sortOrder":"3","buttonType":"delete","status":"0","path":"无","title":"删除数据字典","name":"","component":""}', 'POST', '/zwz/permission/add', 'admin', 2, 'PERMISSION-06', 'PC端 | Chrome 113.0.0.0 | Windows Windows 10 or Windows Server 2016'),
	('1663724829720842244', NULL, '2023-05-31 09:51:24.608000', 0, NULL, '2023-05-31 09:51:24.608000', 36, '127.0.0.1', '本地测试', '查询单个数据字典的值', '{}', 'GET', '/zwz/dictData/getByType/permission_type', 'admin', 2, 'DICT_DATA-01', 'PC端 | Chrome 113.0.0.0 | Windows Windows 10 or Windows Server 2016'),
	('1663724829725036551', NULL, '2023-05-31 09:51:24.655000', 0, NULL, '2023-05-31 09:51:24.655000', 82, '127.0.0.1', '本地测试', '查询菜单', '{}', 'GET', '/zwz/permission/getMenuList', 'admin', 2, 'PERMISSION-02', 'PC端 | Chrome 113.0.0.0 | Windows Windows 10 or Windows Server 2016'),
	('1663724829817311232', NULL, '2023-05-31 09:51:24.670000', 0, NULL, '2023-05-31 09:51:24.670000', 97, '127.0.0.1', '本地测试', '查询全部菜单', '{}', 'GET', '/zwz/permission/getAllList', 'admin', 2, 'PERMISSION-04', 'PC端 | Chrome 113.0.0.0 | Windows Windows 10 or Windows Server 2016'),
	('1663724960046256128', NULL, '2023-05-31 09:51:55.721000', 0, NULL, '2023-05-31 09:51:55.721000', 80, '127.0.0.1', '本地测试', '查询角色', '{"pageNumber":"1","pageSize":"15","sort":"createTime","order":"desc"}', 'GET', '/zwz/role/getAllByPage', 'admin', 2, 'ROLE-02', 'PC端 | Chrome 113.0.0.0 | Windows Windows 10 or Windows Server 2016'),
	('1663725019093667840', NULL, '2023-05-31 09:52:09.792000', 0, NULL, '2023-05-31 09:52:09.792000', 89, '127.0.0.1', '本地测试', '修改菜单权限', '{"roleId":"1536606659751841799","permIds":"125909152017944576,1464484663442673664,5129710648430593,1663723467998105600,1663723511849553920,1663723538621796352,40238597734928384,1663724125664972800,1663724149731889152,1663724174398590976,5129710648430594,1663724230593875968,1663724255319298048,1663724279579152384,1663724334755221504,5129710648430595,1663724386382909440,1663724413914320896,1663724441433149440,56309618086776832,1663724628767543296,1663724665174102016,41363147411427328,1530689602321518592,1663724779984785408,1663724805096083456,1663724828114423808,1535166438371889152,1536599942410407936,1536600125332393984,1536600268379131904,1536604417711804416,1536606273959759872,1536606372668510208,1536606464712511488,1536606550951596032,1536606637815631872,1536875505901506560"}', 'POST', '/zwz/role/editRolePerm', 'admin', 2, 'ROLE-04', 'PC端 | Chrome 113.0.0.0 | Windows Windows 10 or Windows Server 2016'),
	('1663725020138049548', NULL, '2023-05-31 09:52:10.023000', 0, NULL, '2023-05-31 09:52:10.023000', 68, '127.0.0.1', '本地测试', '查询菜单', '{}', 'GET', '/zwz/permission/getMenuList', 'admin', 2, 'PERMISSION-02', 'PC端 | Chrome 113.0.0.0 | Windows Windows 10 or Windows Server 2016'),
	('1663725020813332480', NULL, '2023-05-31 09:52:10.170000', 0, NULL, '2023-05-31 09:52:10.170000', 43, '127.0.0.1', '本地测试', '查询角色', '{"pageNumber":"1","pageSize":"15","sort":"createTime","order":"desc"}', 'GET', '/zwz/role/getAllByPage', 'admin', 2, 'ROLE-02', 'PC端 | Chrome 113.0.0.0 | Windows Windows 10 or Windows Server 2016'),
	('1663725576407617540', NULL, '2023-05-31 09:54:22.677000', 0, NULL, '2023-05-31 09:54:22.677000', 78, '127.0.0.1', '本地测试', '查询子部门', '{}', 'GET', '/zwz/department/getByParentId', 'admin', 2, 'DEP-01', 'PC端 | Chrome 113.0.0.0 | Windows Windows 10 or Windows Server 2016'),
	('1663725576407617545', NULL, '2023-05-31 09:54:22.677000', 0, NULL, '2023-05-31 09:54:22.677000', 78, '127.0.0.1', '本地测试', '查询用户', '{"pageNumber":"1","pageSize":"10","sort":"createTime","order":"desc","departmentId":""}', 'GET', '/zwz/myUser/getByPage', 'admin', 2, 'USER-01', 'PC端 | Chrome 113.0.0.0 | Windows Windows 10 or Windows Server 2016'),
	('1663725578047590400', NULL, '2023-05-31 09:54:23.014000', 0, NULL, '2023-05-31 09:54:23.014000', 28, '127.0.0.1', '本地测试', '查询子部门', '{}', 'GET', '/zwz/department/getByParentId', 'admin', 2, 'DEP-01', 'PC端 | Chrome 113.0.0.0 | Windows Windows 10 or Windows Server 2016'),
	('1663725622079393792', NULL, '2023-05-31 09:54:33.548000', 0, NULL, '2023-05-31 09:54:33.548000', 67, '127.0.0.1', '本地测试', '查询子部门', '{}', 'GET', '/zwz/department/getByParentId', 'admin', 2, 'DEP-01', 'PC端 | Chrome 113.0.0.0 | Windows Windows 10 or Windows Server 2016'),
	('1663725623052472320', NULL, '2023-05-31 09:54:33.744000', 0, NULL, '2023-05-31 09:54:33.744000', 29, '127.0.0.1', '本地测试', '查询用户', '{"pageNumber":"1","pageSize":"10","sort":"createTime","order":"desc","departmentId":""}', 'GET', '/zwz/myUser/getByPage', 'admin', 2, 'USER-01', 'PC端 | Chrome 113.0.0.0 | Windows Windows 10 or Windows Server 2016'),
	('1663725623337684992', NULL, '2023-05-31 09:54:33.815000', 0, NULL, '2023-05-31 09:54:33.815000', 30, '127.0.0.1', '本地测试', '查询子部门', '{}', 'GET', '/zwz/department/getByParentId', 'admin', 2, 'DEP-01', 'PC端 | Chrome 113.0.0.0 | Windows Windows 10 or Windows Server 2016'),
	('1663725642333687808', NULL, '2023-05-31 09:54:38.345000', 0, NULL, '2023-05-31 09:54:38.345000', 30, '127.0.0.1', '本地测试', '查询菜单', '{}', 'GET', '/zwz/permission/getMenuList', 'admin', 2, 'PERMISSION-02', 'PC端 | Chrome 113.0.0.0 | Windows Windows 10 or Windows Server 2016'),
	('1663725643168354312', NULL, '2023-05-31 09:54:38.560000', 0, NULL, '2023-05-31 09:54:38.560000', 49, '127.0.0.1', '本地测试', '查询用户', '{"pageNumber":"1","pageSize":"10","sort":"createTime","order":"desc","departmentId":""}', 'GET', '/zwz/myUser/getByPage', 'admin', 2, 'USER-01', 'PC端 | Chrome 113.0.0.0 | Windows Windows 10 or Windows Server 2016'),
	('1663725643168354313', NULL, '2023-05-31 09:54:38.560000', 0, NULL, '2023-05-31 09:54:38.560000', 49, '127.0.0.1', '本地测试', '查询子部门', '{}', 'GET', '/zwz/department/getByParentId', 'admin', 2, 'DEP-01', 'PC端 | Chrome 113.0.0.0 | Windows Windows 10 or Windows Server 2016'),
	('1663725644737024005', NULL, '2023-05-31 09:54:38.924000', 0, NULL, '2023-05-31 09:54:38.924000', 33, '127.0.0.1', '本地测试', '查询子部门', '{}', 'GET', '/zwz/department/getByParentId', 'admin', 2, 'DEP-01', 'PC端 | Chrome 113.0.0.0 | Windows Windows 10 or Windows Server 2016'),
	('1663726129892167680', NULL, '2023-05-31 09:56:34.609000', 0, NULL, '2023-05-31 09:56:34.609000', 57, '127.0.0.1', '本地测试', '查询单个数据字典的值', '{}', 'GET', '/zwz/dictData/getByType/permission_type', 'admin', 2, 'DICT_DATA-01', 'PC端 | Chrome 113.0.0.0 | Windows Windows 10 or Windows Server 2016'),
	('1663726137840373762', NULL, '2023-05-31 09:56:36.475000', 0, NULL, '2023-05-31 09:56:36.475000', 23, '127.0.0.1', '本地测试', '查询菜单权限拥有者', '{"permissionId":"56309618086776832"}', 'GET', '/zwz/permission/getUserByPermission', 'admin', 2, 'PERMISSION-01', 'PC端 | Chrome 113.0.0.0 | Windows Windows 10 or Windows Server 2016'),
	('1663726175098376192', NULL, '2023-05-31 09:56:45.396000', 0, NULL, '2023-05-31 09:56:45.396000', 58, '127.0.0.1', '本地测试', '添加菜单', '{"icon":"","type":"1","parentId":"56309618086776832","level":"3","sortOrder":"3","buttonType":"enable","status":"0","path":"无","title":"文件存储配置","name":"","component":""}', 'POST', '/zwz/permission/add', 'admin', 2, 'PERMISSION-06', 'PC端 | Chrome 113.0.0.0 | Windows Windows 10 or Windows Server 2016'),
	('1663726176176312322', NULL, '2023-05-31 09:56:45.615000', 0, NULL, '2023-05-31 09:56:45.615000', 20, '127.0.0.1', '本地测试', '查询菜单', '{}', 'GET', '/zwz/permission/getMenuList', 'admin', 2, 'PERMISSION-02', 'PC端 | Chrome 113.0.0.0 | Windows Windows 10 or Windows Server 2016'),
	('1663726176813846530', NULL, '2023-05-31 09:56:45.778000', 0, NULL, '2023-05-31 09:56:45.778000', 34, '127.0.0.1', '本地测试', '查询单个数据字典的值', '{}', 'GET', '/zwz/dictData/getByType/permission_type', 'admin', 2, 'DICT_DATA-01', 'PC端 | Chrome 113.0.0.0 | Windows Windows 10 or Windows Server 2016'),
	('1663726176893538304', NULL, '2023-05-31 09:56:45.819000', 0, NULL, '2023-05-31 09:56:45.819000', 73, '127.0.0.1', '本地测试', '查询全部菜单', '{}', 'GET', '/zwz/permission/getAllList', 'admin', 2, 'PERMISSION-04', 'PC端 | Chrome 113.0.0.0 | Windows Windows 10 or Windows Server 2016'),
	('1663726177690456102', NULL, '2023-05-31 09:56:45.981000', 0, NULL, '2023-05-31 09:56:45.981000', 32, '127.0.0.1', '本地测试', '查询角色', '{"pageNumber":"1","pageSize":"15","sort":"createTime","order":"desc"}', 'GET', '/zwz/role/getAllByPage', 'admin', 2, 'ROLE-02', 'PC端 | Chrome 113.0.0.0 | Windows Windows 10 or Windows Server 2016'),
	('1663726203980353536', NULL, '2023-05-31 09:56:52.277000', 0, NULL, '2023-05-31 09:56:52.277000', 56, '127.0.0.1', '本地测试', '修改菜单权限', '{"roleId":"1536606659751841799","permIds":"125909152017944576,1464484663442673664,5129710648430593,1663723467998105600,1663723511849553920,1663723538621796352,40238597734928384,1663724125664972800,1663724149731889152,1663724174398590976,5129710648430594,1663724230593875968,1663724255319298048,1663724279579152384,1663724334755221504,5129710648430595,1663724386382909440,1663724413914320896,1663724441433149440,56309618086776832,1663724628767543296,1663724665174102016,1663726175089987584,41363147411427328,1530689602321518592,1663724779984785408,1663724805096083456,1663724828114423808,1535166438371889152,1536599942410407936,1536600125332393984,1536600268379131904,1536604417711804416,1536606273959759872,1536606372668510208,1536606464712511488,1536606550951596032,1536606637815631872,1536875505901506560"}', 'POST', '/zwz/role/editRolePerm', 'admin', 2, 'ROLE-04', 'PC端 | Chrome 113.0.0.0 | Windows Windows 10 or Windows Server 2016'),
	('1663726205037318164', NULL, '2023-05-31 09:56:52.514000', 0, NULL, '2023-05-31 09:56:52.514000', 56, '127.0.0.1', '本地测试', '查询菜单', '{}', 'GET', '/zwz/permission/getMenuList', 'admin', 2, 'PERMISSION-02', 'PC端 | Chrome 113.0.0.0 | Windows Windows 10 or Windows Server 2016'),
	('1663726205628715008', NULL, '2023-05-31 09:56:52.636000', 0, NULL, '2023-05-31 09:56:52.636000', 28, '127.0.0.1', '本地测试', '查询角色', '{"pageNumber":"1","pageSize":"15","sort":"createTime","order":"desc"}', 'GET', '/zwz/role/getAllByPage', 'admin', 2, 'ROLE-02', 'PC端 | Chrome 113.0.0.0 | Windows Windows 10 or Windows Server 2016'),
	('1663726279112921092', NULL, '2023-05-31 09:57:10.204000', 0, NULL, '2023-05-31 09:57:10.204000', 89, '127.0.0.1', '本地测试', '修改菜单权限', '{"roleId":"1536606659751841795","permIds":"125909152017944576,1464484663442673664,5129710648430593,40238597734928384,5129710648430594,5129710648430595,56309618086776832,41363147411427328,1530689602321518592,1535166438371889152,1536599942410407936,1536600125332393984,1536600268379131904,1536604417711804416,1536606273959759872,1536606372668510208,1536606464712511488,1536606550951596032,1536606637815631872,1536875505901506560"}', 'POST', '/zwz/role/editRolePerm', 'admin', 2, 'ROLE-04', 'PC端 | Chrome 113.0.0.0 | Windows Windows 10 or Windows Server 2016'),
	('1663726280870334564', NULL, '2023-05-31 09:57:10.575000', 0, NULL, '2023-05-31 09:57:10.575000', 34, '127.0.0.1', '本地测试', '查询角色', '{"pageNumber":"1","pageSize":"15","sort":"createTime","order":"desc"}', 'GET', '/zwz/role/getAllByPage', 'admin', 2, 'ROLE-02', 'PC端 | Chrome 113.0.0.0 | Windows Windows 10 or Windows Server 2016'),
	('1663726280950026250', NULL, '2023-05-31 09:57:10.635000', 0, NULL, '2023-05-31 09:57:10.635000', 94, '127.0.0.1', '本地测试', '查询菜单', '{}', 'GET', '/zwz/permission/getMenuList', 'admin', 2, 'PERMISSION-02', 'PC端 | Chrome 113.0.0.0 | Windows Windows 10 or Windows Server 2016'),
	('1663726285664423936', NULL, '2023-05-31 09:57:11.728000', 0, NULL, '2023-05-31 09:57:11.728000', 31, '127.0.0.1', '本地测试', '查询菜单', '{}', 'GET', '/zwz/permission/getMenuList', 'admin', 2, 'PERMISSION-02', 'PC端 | Chrome 113.0.0.0 | Windows Windows 10 or Windows Server 2016'),
	('1663726286377455616', NULL, '2023-05-31 09:57:11.899000', 0, NULL, '2023-05-31 09:57:11.899000', 43, '127.0.0.1', '本地测试', '查询角色', '{"pageNumber":"1","pageSize":"15","sort":"createTime","order":"desc"}', 'GET', '/zwz/role/getAllByPage', 'admin', 2, 'ROLE-02', 'PC端 | Chrome 113.0.0.0 | Windows Windows 10 or Windows Server 2016'),
	('1663726291519672320', NULL, '2023-05-31 09:57:13.122000', 0, NULL, '2023-05-31 09:57:13.122000', 27, '127.0.0.1', '本地测试', '查询全部角色', '{}', 'GET', '/zwz/role/getAllList', 'admin', 2, 'ROLE-01', 'PC端 | Chrome 113.0.0.0 | Windows Windows 10 or Windows Server 2016'),
	('1663726291528060928', NULL, '2023-05-31 09:57:13.124000', 0, NULL, '2023-05-31 09:57:13.124000', 29, '127.0.0.1', '本地测试', '查询单个数据字典的值', '{}', 'GET', '/zwz/dictData/getByType/sex', 'admin', 2, 'DICT_DATA-01', 'PC端 | Chrome 113.0.0.0 | Windows Windows 10 or Windows Server 2016'),
	('1663726291536449536', NULL, '2023-05-31 09:57:13.155000', 0, NULL, '2023-05-31 09:57:13.155000', 58, '127.0.0.1', '本地测试', '查询子部门', '{}', 'GET', '/zwz/department/getByParentId', 'admin', 2, 'DEP-01', 'PC端 | Chrome 113.0.0.0 | Windows Windows 10 or Windows Server 2016'),
	('1663726291620335616', NULL, '2023-05-31 09:57:13.175000', 0, NULL, '2023-05-31 09:57:13.175000', 74, '127.0.0.1', '本地测试', '查询用户', '{"nickname":"","departmentId":"","pageNumber":"1","pageSize":"20","sort":"createTime","order":"desc"}', 'GET', '/zwz/user/getUserList', 'admin', 2, 'USER-07', 'PC端 | Chrome 113.0.0.0 | Windows Windows 10 or Windows Server 2016'),
	('1663726291771330566', NULL, '2023-05-31 09:57:13.175000', 0, NULL, '2023-05-31 09:57:13.175000', 20, '127.0.0.1', '本地测试', '查询子部门', '{}', 'GET', '/zwz/department/getByParentId', 'admin', 2, 'DEP-01', 'PC端 | Chrome 113.0.0.0 | Windows Windows 10 or Windows Server 2016'),
	('1663726316769382400', NULL, '2023-05-31 09:57:19.175000', 0, NULL, '2023-05-31 09:57:19.175000', 60, '127.0.0.1', '本地测试', '登录系统', '{"username":"13600000001","password":"","code":"4036","captchaId":"8e8e512b4f884085967a27efab3b58eb","saveLogin":"true"}', 'POST', '/zwz/login', '13600000001', 1, '', 'PC端 | Chrome 113.0.0.0 | Windows Windows 10 or Windows Server 2016'),
	('1663726318111559682', NULL, '2023-05-31 09:57:19.455000', 0, NULL, '2023-05-31 09:57:19.455000', 21, '127.0.0.1', '本地测试', '获取当前登录用户', '{}', 'GET', '/zwz/user/info', '13600000001', 2, 'USER-02', 'PC端 | Chrome 113.0.0.0 | Windows Windows 10 or Windows Server 2016'),
	('1663726319197884416', NULL, '2023-05-31 09:57:19.715000', 0, NULL, '2023-05-31 09:57:19.715000', 39, '127.0.0.1', '本地测试', '查询菜单', '{}', 'GET', '/zwz/permission/getMenuList', '13600000001', 2, 'PERMISSION-02', 'PC端 | Chrome 113.0.0.0 | Windows Windows 10 or Windows Server 2016'),
	('1663726327871705088', NULL, '2023-05-31 09:57:21.788000', 0, NULL, '2023-05-31 09:57:21.788000', 28, '127.0.0.1', '本地测试', '查询菜单', '{}', 'GET', '/zwz/permission/getMenuList', '13600000001', 2, 'PERMISSION-02', 'PC端 | Chrome 113.0.0.0 | Windows Windows 10 or Windows Server 2016'),
	('1663726328794451968', NULL, '2023-05-31 09:57:22.008000', 0, NULL, '2023-05-31 09:57:22.008000', 34, '127.0.0.1', '本地测试', '查询个人门户菜单B', '{}', 'POST', '/zwz/myDoor/getMyDoorList6', '13600000001', 2, 'MY-DOOR-02', 'PC端 | Chrome 113.0.0.0 | Windows Windows 10 or Windows Server 2016'),
	('1663726338407796737', NULL, '2023-05-31 09:57:24.297000', 0, NULL, '2023-05-31 09:57:24.297000', 24, '127.0.0.1', '本地测试', '查询全部角色', '{}', 'GET', '/zwz/role/getAllList', '13600000001', 2, 'ROLE-01', 'PC端 | Chrome 113.0.0.0 | Windows Windows 10 or Windows Server 2016'),
	('1663726338416185344', NULL, '2023-05-31 09:57:24.316000', 0, NULL, '2023-05-31 09:57:24.316000', 44, '127.0.0.1', '本地测试', '查询单个数据字典的值', '{}', 'GET', '/zwz/dictData/getByType/sex', '13600000001', 2, 'DICT_DATA-01', 'PC端 | Chrome 113.0.0.0 | Windows Windows 10 or Windows Server 2016'),
	('1663726338445545473', NULL, '2023-05-31 09:57:24.335000', 0, NULL, '2023-05-31 09:57:24.335000', 62, '127.0.0.1', '本地测试', '查询用户', '{"nickname":"","departmentId":"","pageNumber":"1","pageSize":"20","sort":"createTime","order":"desc"}', 'GET', '/zwz/user/getUserList', '13600000001', 2, 'USER-07', 'PC端 | Chrome 113.0.0.0 | Windows Windows 10 or Windows Server 2016'),
	('1663726338445545474', NULL, '2023-05-31 09:57:24.335000', 0, NULL, '2023-05-31 09:57:24.335000', 65, '127.0.0.1', '本地测试', '查询子部门', '{}', 'GET', '/zwz/department/getByParentId', '13600000001', 2, 'DEP-01', 'PC端 | Chrome 113.0.0.0 | Windows Windows 10 or Windows Server 2016'),
	('1663726340068741123', NULL, '2023-05-31 09:57:24.694000', 0, NULL, '2023-05-31 09:57:24.694000', 25, '127.0.0.1', '本地测试', '查询子部门', '{}', 'GET', '/zwz/department/getByParentId', '13600000001', 2, 'DEP-01', 'PC端 | Chrome 113.0.0.0 | Windows Windows 10 or Windows Server 2016'),
	('1663726352794259459', NULL, '2023-05-31 09:57:27.731000', 0, NULL, '2023-05-31 09:57:27.731000', 29, '127.0.0.1', '本地测试', '查询子部门', '{}', 'GET', '/zwz/department/getByParentId', '13600000001', 2, 'DEP-01', 'PC端 | Chrome 113.0.0.0 | Windows Windows 10 or Windows Server 2016'),
	('1663726353586982912', NULL, '2023-05-31 09:57:27.919000', 0, NULL, '2023-05-31 09:57:27.919000', 34, '127.0.0.1', '本地测试', '查询用户', '{"pageNumber":"1","pageSize":"10","sort":"createTime","order":"desc","departmentId":""}', 'GET', '/zwz/myUser/getByPage', '13600000001', 2, 'USER-01', 'PC端 | Chrome 113.0.0.0 | Windows Windows 10 or Windows Server 2016'),
	('1663726354073522179', NULL, '2023-05-31 09:57:28.035000', 0, NULL, '2023-05-31 09:57:28.035000', 27, '127.0.0.1', '本地测试', '查询子部门', '{}', 'GET', '/zwz/department/getByParentId', '13600000001', 2, 'DEP-01', 'PC端 | Chrome 113.0.0.0 | Windows Windows 10 or Windows Server 2016'),
	('1663726355390533635', NULL, '2023-05-31 09:57:28.350000', 0, NULL, '2023-05-31 09:57:28.350000', 31, '127.0.0.1', '本地测试', '查询子部门', '{}', 'GET', '/zwz/department/getByParentId', '13600000001', 2, 'DEP-01', 'PC端 | Chrome 113.0.0.0 | Windows Windows 10 or Windows Server 2016'),
	('1663726356686573570', NULL, '2023-05-31 09:57:28.659000', 0, NULL, '2023-05-31 09:57:28.659000', 29, '127.0.0.1', '本地测试', '查询单个数据字典的值', '{}', 'GET', '/zwz/dictData/getByType/sex', '13600000001', 2, 'DICT_DATA-01', 'PC端 | Chrome 113.0.0.0 | Windows Windows 10 or Windows Server 2016'),
	('1663726356686573571', NULL, '2023-05-31 09:57:28.657000', 0, NULL, '2023-05-31 09:57:28.657000', 24, '127.0.0.1', '本地测试', '查询全部角色', '{}', 'GET', '/zwz/role/getAllList', '13600000001', 2, 'ROLE-01', 'PC端 | Chrome 113.0.0.0 | Windows Windows 10 or Windows Server 2016'),
	('1663726356720128001', NULL, '2023-05-31 09:57:28.663000', 0, NULL, '2023-05-31 09:57:28.663000', 29, '127.0.0.1', '本地测试', '查询用户', '{"nickname":"","departmentId":"","pageNumber":"1","pageSize":"20","sort":"createTime","order":"desc"}', 'GET', '/zwz/user/getUserList', '13600000001', 2, 'USER-07', 'PC端 | Chrome 113.0.0.0 | Windows Windows 10 or Windows Server 2016'),
	('1663726356829179907', NULL, '2023-05-31 09:57:28.689000', 0, NULL, '2023-05-31 09:57:28.689000', 27, '127.0.0.1', '本地测试', '查询子部门', '{}', 'GET', '/zwz/department/getByParentId', '13600000001', 2, 'DEP-01', 'PC端 | Chrome 113.0.0.0 | Windows Windows 10 or Windows Server 2016'),
	('1663726419626299395', NULL, '2023-05-31 09:57:43.725000', 0, NULL, '2023-05-31 09:57:43.725000', 94, '127.0.0.1', '本地测试', '查询子部门', '{}', 'GET', '/zwz/department/getByParentId', '13600000001', 2, 'DEP-01', 'PC端 | Chrome 113.0.0.0 | Windows Windows 10 or Windows Server 2016'),
	('1663726420330942466', NULL, '2023-05-31 09:57:43.845000', 0, NULL, '2023-05-31 09:57:43.845000', 40, '127.0.0.1', '本地测试', '查询单个数据字典的值', '{}', 'GET', '/zwz/dictData/getByType/sex', '13600000001', 2, 'DICT_DATA-01', 'PC端 | Chrome 113.0.0.0 | Windows Windows 10 or Windows Server 2016'),
	('1663726420523880449', NULL, '2023-05-31 09:57:43.892000', 0, NULL, '2023-05-31 09:57:43.892000', 40, '127.0.0.1', '本地测试', '查询全部角色', '{}', 'GET', '/zwz/role/getAllList', '13600000001', 2, 'ROLE-01', 'PC端 | Chrome 113.0.0.0 | Windows Windows 10 or Windows Server 2016'),
	('1663726420985253890', NULL, '2023-05-31 09:57:44.003000', 0, NULL, '2023-05-31 09:57:44.003000', 50, '127.0.0.1', '本地测试', '查询子部门', '{}', 'GET', '/zwz/department/getByParentId', '13600000001', 2, 'DEP-01', 'PC端 | Chrome 113.0.0.0 | Windows Windows 10 or Windows Server 2016'),
	('1663726421023002624', NULL, '2023-05-31 09:57:44.040000', 0, NULL, '2023-05-31 09:57:44.040000', 86, '127.0.0.1', '本地测试', '查询用户', '{"nickname":"","departmentId":"","pageNumber":"1","pageSize":"20","sort":"createTime","order":"desc"}', 'GET', '/zwz/user/getUserList', '13600000001', 2, 'USER-07', 'PC端 | Chrome 113.0.0.0 | Windows Windows 10 or Windows Server 2016'),
	('1663726431374544898', NULL, '2023-05-31 09:57:46.471000', 0, NULL, '2023-05-31 09:57:46.471000', 47, '127.0.0.1', '本地测试', '查询菜单', '{}', 'GET', '/zwz/permission/getMenuList', '13600000001', 2, 'PERMISSION-02', 'PC端 | Chrome 113.0.0.0 | Windows Windows 10 or Windows Server 2016'),
	('1663726433605914630', NULL, '2023-05-31 09:57:47.017000', 0, NULL, '2023-05-31 09:57:47.017000', 46, '127.0.0.1', '本地测试', '查询全部角色', '{}', 'GET', '/zwz/role/getAllList', '13600000001', 2, 'ROLE-01', 'PC端 | Chrome 113.0.0.0 | Windows Windows 10 or Windows Server 2016'),
	('1663726433668829190', NULL, '2023-05-31 09:57:47.017000', 0, NULL, '2023-05-31 09:57:47.017000', 46, '127.0.0.1', '本地测试', '查询单个数据字典的值', '{}', 'GET', '/zwz/dictData/getByType/sex', '13600000001', 2, 'DICT_DATA-01', 'PC端 | Chrome 113.0.0.0 | Windows Windows 10 or Windows Server 2016'),
	('1663726433668829191', NULL, '2023-05-31 09:57:47.064000', 0, NULL, '2023-05-31 09:57:47.064000', 78, '127.0.0.1', '本地测试', '查询子部门', '{}', 'GET', '/zwz/department/getByParentId', '13600000001', 2, 'DEP-01', 'PC端 | Chrome 113.0.0.0 | Windows Windows 10 or Windows Server 2016'),
	('1663726433668829200', NULL, '2023-05-31 09:57:47.064000', 0, NULL, '2023-05-31 09:57:47.064000', 93, '127.0.0.1', '本地测试', '查询用户', '{"nickname":"","departmentId":"","pageNumber":"1","pageSize":"20","sort":"createTime","order":"desc"}', 'GET', '/zwz/user/getUserList', '13600000001', 2, 'USER-07', 'PC端 | Chrome 113.0.0.0 | Windows Windows 10 or Windows Server 2016'),
	('1663726435241693189', NULL, '2023-05-31 09:57:47.408000', 0, NULL, '2023-05-31 09:57:47.408000', 47, '127.0.0.1', '本地测试', '查询子部门', '{}', 'GET', '/zwz/department/getByParentId', '13600000001', 2, 'DEP-01', 'PC端 | Chrome 113.0.0.0 | Windows Windows 10 or Windows Server 2016'),
	('1663726439121424387', NULL, '2023-05-31 09:57:48.317000', 0, NULL, '2023-05-31 09:57:48.317000', 37, '127.0.0.1', '本地测试', '查询子部门', '{}', 'GET', '/zwz/department/getByParentId', '13600000001', 2, 'DEP-01', 'PC端 | Chrome 113.0.0.0 | Windows Windows 10 or Windows Server 2016'),
	('1663726439830261765', NULL, '2023-05-31 09:57:48.498000', 0, NULL, '2023-05-31 09:57:48.498000', 39, '127.0.0.1', '本地测试', '查询用户', '{"pageNumber":"1","pageSize":"10","sort":"createTime","order":"desc","departmentId":""}', 'GET', '/zwz/myUser/getByPage', '13600000001', 2, 'USER-01', 'PC端 | Chrome 113.0.0.0 | Windows Windows 10 or Windows Server 2016'),
	('1663726440392298499', NULL, '2023-05-31 09:57:48.629000', 0, NULL, '2023-05-31 09:57:48.629000', 40, '127.0.0.1', '本地测试', '查询子部门', '{}', 'GET', '/zwz/department/getByParentId', '13600000001', 2, 'DEP-01', 'PC端 | Chrome 113.0.0.0 | Windows Windows 10 or Windows Server 2016'),
	('1663726447891714048', NULL, '2023-05-31 09:57:50.414000', 0, NULL, '2023-05-31 09:57:50.414000', 49, '127.0.0.1', '本地测试', '查询角色', '{"pageNumber":"1","pageSize":"15","sort":"createTime","order":"desc"}', 'GET', '/zwz/role/getAllByPage', '13600000001', 2, 'ROLE-02', 'PC端 | Chrome 113.0.0.0 | Windows Windows 10 or Windows Server 2016'),
	('1663726453684047922', NULL, '2023-05-31 09:57:51.797000', 0, NULL, '2023-05-31 09:57:51.797000', 40, '127.0.0.1', '本地测试', '查询单个数据字典的值', '{}', 'GET', '/zwz/dictData/getByType/permission_type', '13600000001', 2, 'DICT_DATA-01', 'PC端 | Chrome 113.0.0.0 | Windows Windows 10 or Windows Server 2016'),
	('1663726462156541957', NULL, '2023-05-31 09:57:53.815000', 0, NULL, '2023-05-31 09:57:53.815000', 38, '127.0.0.1', '本地测试', '查询菜单权限拥有者', '{"permissionId":"1663724125664972800"}', 'GET', '/zwz/permission/getUserByPermission', '13600000001', 2, 'PERMISSION-01', 'PC端 | Chrome 113.0.0.0 | Windows Windows 10 or Windows Server 2016'),
	('1663726468418637825', NULL, '2023-05-31 09:57:55.295000', 0, NULL, '2023-05-31 09:57:55.295000', 32, '127.0.0.1', '本地测试', '查询系统文件', '{"name":"","fkey":"","type":"","pageNumber":"1","pageSize":"15","sort":"createTime","order":"desc","startDate":"","endDate":""}', 'GET', '/zwz/file/getByCondition', '13600000001', 2, 'FILE-01', 'PC端 | Chrome 113.0.0.0 | Windows Windows 10 or Windows Server 2016'),
	('1663726469140058112', NULL, '2023-05-31 09:57:55.481000', 0, NULL, '2023-05-31 09:57:55.481000', 38, '127.0.0.1', '本地测试', '查看单个配置', '{"id":"FILE_PATH"}', 'GET', '/zwz/setting/getOne', '13600000001', 2, 'SETTING-01', 'PC端 | Chrome 113.0.0.0 | Windows Windows 10 or Windows Server 2016'),
	('1663726469664346112', NULL, '2023-05-31 09:57:55.608000', 0, NULL, '2023-05-31 09:57:55.608000', 40, '127.0.0.1', '本地测试', '查看单个配置', '{"id":"FILE_HTTP"}', 'GET', '/zwz/setting/getOne', '13600000001', 2, 'SETTING-01', 'PC端 | Chrome 113.0.0.0 | Windows Windows 10 or Windows Server 2016'),
	('1663726469664346113', NULL, '2023-05-31 09:57:55.642000', 0, NULL, '2023-05-31 09:57:55.642000', 74, '127.0.0.1', '本地测试', '查看单个配置', '{"id":"FILE_VIEW"}', 'GET', '/zwz/setting/getOne', '13600000001', 2, 'SETTING-01', 'PC端 | Chrome 113.0.0.0 | Windows Windows 10 or Windows Server 2016'),
	('1663726471304318976', NULL, '2023-05-31 09:57:55.991000', 0, NULL, '2023-05-31 09:57:55.991000', 46, '127.0.0.1', '本地测试', '查询日志', '{"logType":"1","pageNumber":"1","pageSize":"15","startDate":"","endDate":"","sort":"createTime","order":"desc","ipInfo":"","key":""}', 'GET', '/zwz/log/getAllByPage', '13600000001', 2, 'LOG-01', 'PC端 | Chrome 113.0.0.0 | Windows Windows 10 or Windows Server 2016'),
	('1663726477029543936', NULL, '2023-05-31 09:57:57.355000', 0, NULL, '2023-05-31 09:57:57.355000', 34, '127.0.0.1', '本地测试', '查询所有数据字典', '{}', 'GET', '/zwz/dict/getAll', '13600000001', 2, 'DICT-01', 'PC端 | Chrome 113.0.0.0 | Windows Windows 10 or Windows Server 2016'),
	('1663726477750964239', NULL, '2023-05-31 09:57:57.539000', 0, NULL, '2023-05-31 09:57:57.539000', 42, '127.0.0.1', '本地测试', '查询数据字典值', '{"name":"","status":"","pageNumber":"1","pageSize":"10","sort":"sortOrder","order":"asc"}', 'GET', '/zwz/dictData/getByCondition', '13600000001', 2, 'DICT_DATA-02', 'PC端 | Chrome 113.0.0.0 | Windows Windows 10 or Windows Server 2016'),
	('1663726492544274432', NULL, '2023-05-31 09:58:01.055000', 0, NULL, '2023-05-31 09:58:01.055000', 41, '127.0.0.1', '本地测试', '查询个人门户菜单B', '{}', 'POST', '/zwz/myDoor/getMyDoorList6', '13600000001', 2, 'MY-DOOR-02', 'PC端 | Chrome 113.0.0.0 | Windows Windows 10 or Windows Server 2016'),
	('1663726573871828992', NULL, '2023-05-31 09:58:20.497000', 0, NULL, '2023-05-31 09:58:20.497000', 83, '127.0.0.1', '本地测试', '查看单个配置', '{"id":"FILE_PATH"}', 'GET', '/zwz/setting/getOne', '13600000001', 2, 'SETTING-01', 'PC端 | Chrome 113.0.0.0 | Windows Windows 10 or Windows Server 2016'),
	('1663726573871828993', NULL, '2023-05-31 09:58:20.498000', 0, NULL, '2023-05-31 09:58:20.498000', 85, '127.0.0.1', '本地测试', '查看单个配置', '{"id":"FILE_VIEW"}', 'GET', '/zwz/setting/getOne', '13600000001', 2, 'SETTING-01', 'PC端 | Chrome 113.0.0.0 | Windows Windows 10 or Windows Server 2016'),
	('1663726573871828994', NULL, '2023-05-31 09:58:20.498000', 0, NULL, '2023-05-31 09:58:20.498000', 85, '127.0.0.1', '本地测试', '查看单个配置', '{"id":"FILE_HTTP"}', 'GET', '/zwz/setting/getOne', '13600000001', 2, 'SETTING-01', 'PC端 | Chrome 113.0.0.0 | Windows Windows 10 or Windows Server 2016'),
	('1663726573905383424', NULL, '2023-05-31 09:58:20.507000', 0, NULL, '2023-05-31 09:58:20.507000', 94, '127.0.0.1', '本地测试', '查询系统文件', '{"name":"","fkey":"","type":"","pageNumber":"1","pageSize":"15","sort":"createTime","order":"desc","startDate":"","endDate":""}', 'GET', '/zwz/file/getByCondition', '13600000001', 2, 'FILE-01', 'PC端 | Chrome 113.0.0.0 | Windows Windows 10 or Windows Server 2016'),
	('1663726597770973184', NULL, '2023-05-31 09:58:26.177000', 0, NULL, '2023-05-31 09:58:26.177000', 82, '127.0.0.1', '本地测试', '登录系统', '{"username":"admin","password":"","code":"3565","captchaId":"b15f7c8b4f0f4b8487048d4e825750e6","saveLogin":"true"}', 'POST', '/zwz/login', 'admin', 1, '', 'PC端 | Chrome 113.0.0.0 | Windows Windows 10 or Windows Server 2016'),
	('1663726599129927682', NULL, '2023-05-31 09:58:26.475000', 0, NULL, '2023-05-31 09:58:26.475000', 40, '127.0.0.1', '本地测试', '获取当前登录用户', '{}', 'GET', '/zwz/user/info', 'admin', 2, 'USER-02', 'PC端 | Chrome 113.0.0.0 | Windows Windows 10 or Windows Server 2016'),
	('1663726600140754946', NULL, '2023-05-31 09:58:26.715000', 0, NULL, '2023-05-31 09:58:26.715000', 38, '127.0.0.1', '本地测试', '查询菜单', '{}', 'GET', '/zwz/permission/getMenuList', 'admin', 2, 'PERMISSION-02', 'PC端 | Chrome 113.0.0.0 | Windows Windows 10 or Windows Server 2016'),
	('1663726603890462720', NULL, '2023-05-31 09:58:27.608000', 0, NULL, '2023-05-31 09:58:27.608000', 41, '127.0.0.1', '本地测试', '查询菜单', '{}', 'GET', '/zwz/permission/getMenuList', 'admin', 2, 'PERMISSION-02', 'PC端 | Chrome 113.0.0.0 | Windows Windows 10 or Windows Server 2016'),
	('1663726604855152640', NULL, '2023-05-31 09:58:27.839000', 0, NULL, '2023-05-31 09:58:27.839000', 54, '127.0.0.1', '本地测试', '查询个人门户菜单B', '{}', 'POST', '/zwz/myDoor/getMyDoorList6', 'admin', 2, 'MY-DOOR-02', 'PC端 | Chrome 113.0.0.0 | Windows Windows 10 or Windows Server 2016'),
	('1663726615156363314', NULL, '2023-05-31 09:58:30.301000', 0, NULL, '2023-05-31 09:58:30.301000', 43, '127.0.0.1', '本地测试', '查询单个数据字典的值', '{}', 'GET', '/zwz/dictData/getByType/permission_type', 'admin', 2, 'DICT_DATA-01', 'PC端 | Chrome 113.0.0.0 | Windows Windows 10 or Windows Server 2016'),
	('1663726619233226752', NULL, '2023-05-31 09:58:32.277000', 0, NULL, '2023-05-31 09:58:32.277000', 1034, '127.0.0.1', '本地测试', '查看单个配置', '{"id":"FILE_PATH"}', 'GET', '/zwz/setting/getOne', 'admin', 2, 'SETTING-01', 'PC端 | Chrome 113.0.0.0 | Windows Windows 10 or Windows Server 2016'),
	('1663726619266781185', NULL, '2023-05-31 09:58:31.296000', 0, NULL, '2023-05-31 09:58:31.296000', 70, '127.0.0.1', '本地测试', '查询系统文件', '{"name":"","fkey":"","type":"","pageNumber":"1","pageSize":"15","sort":"createTime","order":"desc","startDate":"","endDate":""}', 'GET', '/zwz/file/getByCondition', 'admin', 2, 'FILE-01', 'PC端 | Chrome 113.0.0.0 | Windows Windows 10 or Windows Server 2016'),
	('1663726619711377409', NULL, '2023-05-31 09:58:31.384000', 0, NULL, '2023-05-31 09:58:31.384000', 39, '127.0.0.1', '本地测试', '查看单个配置', '{"id":"FILE_HTTP"}', 'GET', '/zwz/setting/getOne', 'admin', 2, 'SETTING-01', 'PC端 | Chrome 113.0.0.0 | Windows Windows 10 or Windows Server 2016'),
	('1663726620529266688', NULL, '2023-05-31 09:58:31.568000', 0, NULL, '2023-05-31 09:58:31.568000', 33, '127.0.0.1', '本地测试', '查看单个配置', '{"id":"FILE_VIEW"}', 'GET', '/zwz/setting/getOne', 'admin', 2, 'SETTING-01', 'PC端 | Chrome 113.0.0.0 | Windows Windows 10 or Windows Server 2016'),
	('1663726644440993795', NULL, '2023-05-31 09:58:37.277000', 0, NULL, '2023-05-31 09:58:37.277000', 49, '127.0.0.1', '本地测试', '文件上传', '{}', 'POST', '/zwz/upload/file', 'admin', 2, 'FILE-06', 'PC端 | Chrome 113.0.0.0 | Windows Windows 10 or Windows Server 2016'),
	('1663726646047412227', NULL, '2023-05-31 09:58:37.656000', 0, NULL, '2023-05-31 09:58:37.656000', 39, '127.0.0.1', '本地测试', '查询系统文件', '{"name":"","fkey":"","type":"","pageNumber":"1","pageSize":"15","sort":"createTime","order":"desc","startDate":"","endDate":""}', 'GET', '/zwz/file/getByCondition', 'admin', 2, 'FILE-01', 'PC端 | Chrome 113.0.0.0 | Windows Windows 10 or Windows Server 2016'),
	('1663726667237036035', NULL, '2023-05-31 09:58:42.756000', 0, NULL, '2023-05-31 09:58:42.756000', 90, '127.0.0.1', '本地测试', '文件上传', '{}', 'POST', '/zwz/upload/file', 'admin', 2, 'FILE-06', 'PC端 | Chrome 113.0.0.0 | Windows Windows 10 or Windows Server 2016'),
	('1663726669019615239', NULL, '2023-05-31 09:58:43.137000', 0, NULL, '2023-05-31 09:58:43.137000', 40, '127.0.0.1', '本地测试', '查询系统文件', '{"name":"","fkey":"","type":"","pageNumber":"1","pageSize":"15","sort":"createTime","order":"desc","startDate":"","endDate":""}', 'GET', '/zwz/file/getByCondition', 'admin', 2, 'FILE-01', 'PC端 | Chrome 113.0.0.0 | Windows Windows 10 or Windows Server 2016'),
	('1663726703417102336', NULL, '2023-05-31 09:58:51.380000', 0, NULL, '2023-05-31 09:58:51.380000', 89, '127.0.0.1', '本地测试', '文件上传', '{}', 'POST', '/zwz/upload/file', 'admin', 2, 'FILE-06', 'PC端 | Chrome 113.0.0.0 | Windows Windows 10 or Windows Server 2016'),
	('1663726705170321417', NULL, '2023-05-31 09:58:51.757000', 0, NULL, '2023-05-31 09:58:51.757000', 40, '127.0.0.1', '本地测试', '查询系统文件', '{"name":"","fkey":"","type":"","pageNumber":"1","pageSize":"15","sort":"createTime","order":"desc","startDate":"","endDate":""}', 'GET', '/zwz/file/getByCondition', 'admin', 2, 'FILE-01', 'PC端 | Chrome 113.0.0.0 | Windows Windows 10 or Windows Server 2016'),
	('1663727083915972615', NULL, '2023-05-31 10:00:22.106000', 0, NULL, '2023-05-31 10:00:22.106000', 87, '127.0.0.1', '本地测试', '文件上传', '{}', 'POST', '/zwz/upload/file', 'admin', 2, 'FILE-06', 'PC端 | Chrome 113.0.0.0 | Windows Windows 10 or Windows Server 2016'),
	('1663727084918411274', NULL, '2023-05-31 10:00:22.296000', 0, NULL, '2023-05-31 10:00:22.296000', 40, '127.0.0.1', '本地测试', '查询系统文件', '{"name":"","fkey":"","type":"","pageNumber":"1","pageSize":"15","sort":"createTime","order":"desc","startDate":"","endDate":""}', 'GET', '/zwz/file/getByCondition', 'admin', 2, 'FILE-01', 'PC端 | Chrome 113.0.0.0 | Windows Windows 10 or Windows Server 2016'),
	('1663727107987083323', NULL, '2023-05-31 10:00:27.837000', 0, NULL, '2023-05-31 10:00:27.837000', 87, '127.0.0.1', '本地测试', '查询角色', '{"pageNumber":"1","pageSize":"15","sort":"createTime","order":"desc"}', 'GET', '/zwz/role/getAllByPage', 'admin', 2, 'ROLE-02', 'PC端 | Chrome 113.0.0.0 | Windows Windows 10 or Windows Server 2016'),
	('1663727119143931904', NULL, '2023-05-31 10:00:30.452000', 0, NULL, '2023-05-31 10:00:30.452000', 41, '127.0.0.1', '本地测试', '查询子部门', '{}', 'GET', '/zwz/department/getByParentId', 'admin', 2, 'DEP-01', 'PC端 | Chrome 113.0.0.0 | Windows Windows 10 or Windows Server 2016'),
	('1663727119865352197', NULL, '2023-05-31 10:00:30.634000', 0, NULL, '2023-05-31 10:00:30.634000', 44, '127.0.0.1', '本地测试', '查询用户', '{"pageNumber":"1","pageSize":"10","sort":"createTime","order":"desc","departmentId":""}', 'GET', '/zwz/myUser/getByPage', 'admin', 2, 'USER-01', 'PC端 | Chrome 113.0.0.0 | Windows Windows 10 or Windows Server 2016'),
	('1663727120423194624', NULL, '2023-05-31 10:00:30.758000', 0, NULL, '2023-05-31 10:00:30.758000', 40, '127.0.0.1', '本地测试', '查询子部门', '{}', 'GET', '/zwz/department/getByParentId', 'admin', 2, 'DEP-01', 'PC端 | Chrome 113.0.0.0 | Windows Windows 10 or Windows Server 2016'),
	('1663727120628715521', NULL, '2023-05-31 10:00:30.808000', 0, NULL, '2023-05-31 10:00:30.808000', 41, '127.0.0.1', '本地测试', '查询系统文件', '{"name":"","fkey":"","type":"","pageNumber":"1","pageSize":"15","sort":"createTime","order":"desc","startDate":"","endDate":""}', 'GET', '/zwz/file/getByCondition', 'admin', 2, 'FILE-01', 'PC端 | Chrome 113.0.0.0 | Windows Windows 10 or Windows Server 2016'),
	('1663727120825847808', NULL, '2023-05-31 10:00:30.882000', 0, NULL, '2023-05-31 10:00:30.882000', 64, '127.0.0.1', '本地测试', '查看单个配置', '{"id":"FILE_PATH"}', 'GET', '/zwz/setting/getOne', 'admin', 2, 'SETTING-01', 'PC端 | Chrome 113.0.0.0 | Windows Windows 10 or Windows Server 2016'),
	('1663727120825847809', NULL, '2023-05-31 10:00:30.900000', 0, NULL, '2023-05-31 10:00:30.900000', 81, '127.0.0.1', '本地测试', '查看单个配置', '{"id":"FILE_VIEW"}', 'GET', '/zwz/setting/getOne', 'admin', 2, 'SETTING-01', 'PC端 | Chrome 113.0.0.0 | Windows Windows 10 or Windows Server 2016'),
	('1663727120825847810', NULL, '2023-05-31 10:00:30.854000', 0, NULL, '2023-05-31 10:00:30.854000', 37, '127.0.0.1', '本地测试', '查看单个配置', '{"id":"FILE_HTTP"}', 'GET', '/zwz/setting/getOne', 'admin', 2, 'SETTING-01', 'PC端 | Chrome 113.0.0.0 | Windows Windows 10 or Windows Server 2016'),
	('1663727125590577152', NULL, '2023-05-31 10:00:31.991000', 0, NULL, '2023-05-31 10:00:31.991000', 38, '127.0.0.1', '本地测试', '查询全部角色', '{}', 'GET', '/zwz/role/getAllList', 'admin', 2, 'ROLE-01', 'PC端 | Chrome 113.0.0.0 | Windows Windows 10 or Windows Server 2016'),
	('1663727125590577156', NULL, '2023-05-31 10:00:31.986000', 0, NULL, '2023-05-31 10:00:31.986000', 38, '127.0.0.1', '本地测试', '查询子部门', '{}', 'GET', '/zwz/department/getByParentId', 'admin', 2, 'DEP-01', 'PC端 | Chrome 113.0.0.0 | Windows Windows 10 or Windows Server 2016'),
	('1663727125603160064', NULL, '2023-05-31 10:00:32.304000', 0, NULL, '2023-05-31 10:00:32.304000', 351, '127.0.0.1', '本地测试', '查询单个数据字典的值', '{}', 'GET', '/zwz/dictData/getByType/sex', 'admin', 2, 'DICT_DATA-01', 'PC端 | Chrome 113.0.0.0 | Windows Windows 10 or Windows Server 2016'),
	('1663727125653491712', NULL, '2023-05-31 10:00:32.036000', 0, NULL, '2023-05-31 10:00:32.036000', 80, '127.0.0.1', '本地测试', '查询用户', '{"nickname":"","departmentId":"","pageNumber":"1","pageSize":"20","sort":"createTime","order":"desc"}', 'GET', '/zwz/user/getUserList', 'admin', 2, 'USER-07', 'PC端 | Chrome 113.0.0.0 | Windows Windows 10 or Windows Server 2016'),
	('1663727127058583552', NULL, '2023-05-31 10:00:32.340000', 0, NULL, '2023-05-31 10:00:32.340000', 43, '127.0.0.1', '本地测试', '查询子部门', '{}', 'GET', '/zwz/department/getByParentId', 'admin', 2, 'DEP-01', 'PC端 | Chrome 113.0.0.0 | Windows Windows 10 or Windows Server 2016'),
	('1663727136550293504', NULL, '2023-05-31 10:00:34.599000', 0, NULL, '2023-05-31 10:00:34.599000', 41, '127.0.0.1', '本地测试', '查询个人门户菜单B', '{}', 'POST', '/zwz/myDoor/getMyDoorList6', 'admin', 2, 'MY-DOOR-02', 'PC端 | Chrome 113.0.0.0 | Windows Windows 10 or Windows Server 2016'),
	('1663727145916174339', NULL, '2023-05-31 10:00:36.833000', 0, NULL, '2023-05-31 10:00:36.833000', 35, '127.0.0.1', '本地测试', '查询单个数据字典的值', '{}', 'GET', '/zwz/dictData/getByType/sex', 'admin', 2, 'DICT_DATA-01', 'PC端 | Chrome 113.0.0.0 | Windows Windows 10 or Windows Server 2016'),
	('1663727146838921216', NULL, '2023-05-31 10:00:37.058000', 0, NULL, '2023-05-31 10:00:37.058000', 43, '127.0.0.1', '本地测试', '查询学生', '{"pageNumber":"1","pageSize":"15","sort":"createTime","order":"desc"}', 'GET', '/zwz/student/getByPage', 'admin', 3, 'STUDENT-04', 'PC端 | Chrome 113.0.0.0 | Windows Windows 10 or Windows Server 2016'),
	('1663727148168515584', NULL, '2023-05-31 10:00:37.371000', 0, NULL, '2023-05-31 10:00:37.371000', 38, '127.0.0.1', '本地测试', '查询单个数据字典的值', '{}', 'GET', '/zwz/dictData/getByType/education', 'admin', 2, 'DICT_DATA-01', 'PC端 | Chrome 113.0.0.0 | Windows Windows 10 or Windows Server 2016'),
	('1663727148185292800', NULL, '2023-05-31 10:00:37.377000', 0, NULL, '2023-05-31 10:00:37.377000', 43, '127.0.0.1', '本地测试', '查询教师', '{"pageNumber":"1","pageSize":"15","sort":"createTime","order":"desc"}', 'GET', '/zwz/teacher/getByPage', 'admin', 3, 'TEACHER-04', 'PC端 | Chrome 113.0.0.0 | Windows Windows 10 or Windows Server 2016'),
	('1663727154430611456', NULL, '2023-05-31 10:00:38.857000', 0, NULL, '2023-05-31 10:00:38.857000', 35, '127.0.0.1', '本地测试', '查询个人门户菜单B', '{}', 'POST', '/zwz/myDoor/getMyDoorList6', 'admin', 2, 'MY-DOOR-02', 'PC端 | Chrome 113.0.0.0 | Windows Windows 10 or Windows Server 2016'),
	('1663727315357667328', NULL, '2023-05-31 10:01:17.257000', 0, NULL, '2023-05-31 10:01:17.257000', 60, '127.0.0.1', '本地测试', '登录系统', '{"username":"admin","password":"","code":"0285","captchaId":"730a4ea79b3844d0adc1d059bfac80ba","saveLogin":"true"}', 'POST', '/zwz/login', 'admin', 1, '', 'PC端 | Chrome 113.0.0.0 | Windows Windows 10 or Windows Server 2016'),
	('1663727316108447746', NULL, '2023-05-31 10:01:17.412000', 0, NULL, '2023-05-31 10:01:17.412000', 36, '127.0.0.1', '本地测试', '获取当前登录用户', '{}', 'GET', '/zwz/user/info', 'admin', 2, 'USER-02', 'PC端 | Chrome 113.0.0.0 | Windows Windows 10 or Windows Server 2016'),
	('1663727316699844610', NULL, '2023-05-31 10:01:17.536000', 0, NULL, '2023-05-31 10:01:17.536000', 24, '127.0.0.1', '本地测试', '查询菜单', '{}', 'GET', '/zwz/permission/getMenuList', 'admin', 2, 'PERMISSION-02', 'PC端 | Chrome 113.0.0.0 | Windows Windows 10 or Windows Server 2016'),
	('1663727321011589120', NULL, '2023-05-31 10:01:18.567000', 0, NULL, '2023-05-31 10:01:18.567000', 24, '127.0.0.1', '本地测试', '查询菜单', '{}', 'GET', '/zwz/permission/getMenuList', 'admin', 2, 'PERMISSION-02', 'PC端 | Chrome 113.0.0.0 | Windows Windows 10 or Windows Server 2016'),
	('1663727321938530304', NULL, '2023-05-31 10:01:18.789000', 0, NULL, '2023-05-31 10:01:18.789000', 33, '127.0.0.1', '本地测试', '查询个人门户菜单B', '{}', 'POST', '/zwz/myDoor/getMyDoorList6', 'admin', 2, 'MY-DOOR-02', 'PC端 | Chrome 113.0.0.0 | Windows Windows 10 or Windows Server 2016'),
	('1663727386740527104', NULL, '2023-05-31 10:01:34.279000', 0, NULL, '2023-05-31 10:01:34.279000', 65, '127.0.0.1', '本地测试', '查询单个数据字典的值', '{}', 'GET', '/zwz/dictData/getByType/sex', 'admin', 2, 'DICT_DATA-01', 'PC端 | Chrome 113.0.0.0 | Windows Windows 10 or Windows Server 2016'),
	('1663727425667862528', NULL, '2023-05-31 10:01:43.547000', 0, NULL, '2023-05-31 10:01:43.547000', 60, '127.0.0.1', '本地测试', '修改个人门户菜单', '{"str":"user-adminZWZ666department-adminZWZ666file-adminZWZ666role-manageZWZ666menu-manageZWZ666log-manage"}', 'POST', '/zwz/myDoor/setMyDoorList', 'admin', 2, 'MY-DOOR-03', 'PC端 | Chrome 113.0.0.0 | Windows Windows 10 or Windows Server 2016'),
	('1663727429497262081', NULL, '2023-05-31 10:01:44.457000', 0, NULL, '2023-05-31 10:01:44.457000', 53, '127.0.0.1', '本地测试', '查询个人门户菜单B', '{}', 'POST', '/zwz/myDoor/getMyDoorList6', 'admin', 2, 'MY-DOOR-02', 'PC端 | Chrome 113.0.0.0 | Windows Windows 10 or Windows Server 2016'),
	('1663727475873681408', NULL, '2023-05-31 10:01:55.553000', 0, NULL, '2023-05-31 10:01:55.553000', 71, '127.0.0.1', '本地测试', '查询全部角色', '{}', 'GET', '/zwz/role/getAllList', 'admin', 2, 'ROLE-01', 'PC端 | Chrome 113.0.0.0 | Windows Windows 10 or Windows Server 2016'),
	('1663727475877875714', NULL, '2023-05-31 10:01:55.537000', 0, NULL, '2023-05-31 10:01:55.537000', 72, '127.0.0.1', '本地测试', '查询单个数据字典的值', '{}', 'GET', '/zwz/dictData/getByType/sex', 'admin', 2, 'DICT_DATA-01', 'PC端 | Chrome 113.0.0.0 | Windows Windows 10 or Windows Server 2016'),
	('1663727475886264320', NULL, '2023-05-31 10:01:55.537000', 0, NULL, '2023-05-31 10:01:55.537000', 73, '127.0.0.1', '本地测试', '查询子部门', '{}', 'GET', '/zwz/department/getByParentId', 'admin', 2, 'DEP-01', 'PC端 | Chrome 113.0.0.0 | Windows Windows 10 or Windows Server 2016'),
	('1663727475924013056', NULL, '2023-05-31 10:01:55.557000', 0, NULL, '2023-05-31 10:01:55.557000', 87, '127.0.0.1', '本地测试', '查询用户', '{"nickname":"","departmentId":"","pageNumber":"1","pageSize":"20","sort":"createTime","order":"desc"}', 'GET', '/zwz/user/getUserList', 'admin', 2, 'USER-07', 'PC端 | Chrome 113.0.0.0 | Windows Windows 10 or Windows Server 2016'),
	('1663727477576568832', NULL, '2023-05-31 10:01:55.896000', 0, NULL, '2023-05-31 10:01:55.896000', 32, '127.0.0.1', '本地测试', '查询子部门', '{}', 'GET', '/zwz/department/getByParentId', 'admin', 2, 'DEP-01', 'PC端 | Chrome 113.0.0.0 | Windows Windows 10 or Windows Server 2016'),
	('1663727607927148544', NULL, '2023-05-31 10:02:27.054000', 0, NULL, '2023-05-31 10:02:27.054000', 91, '127.0.0.1', '本地测试', '查询单个数据字典的值', '{}', 'GET', '/zwz/dictData/getByType/sex', 'admin', 2, 'DICT_DATA-01', 'PC端 | Chrome 113.0.0.0 | Windows Windows 10 or Windows Server 2016'),
	('1663727608640180229', NULL, '2023-05-31 10:02:27.167000', 0, NULL, '2023-05-31 10:02:27.167000', 43, '127.0.0.1', '本地测试', '查询子部门', '{}', 'GET', '/zwz/department/getByParentId', 'admin', 2, 'DEP-01', 'PC端 | Chrome 113.0.0.0 | Windows Windows 10 or Windows Server 2016'),
	('1663727608975724546', NULL, '2023-05-31 10:02:27.243000', 0, NULL, '2023-05-31 10:02:27.243000', 41, '127.0.0.1', '本地测试', '查询全部角色', '{}', 'GET', '/zwz/role/getAllList', 'admin', 2, 'ROLE-01', 'PC端 | Chrome 113.0.0.0 | Windows Windows 10 or Windows Server 2016'),
	('1663727668492898307', NULL, '2023-05-31 10:02:41.457000', 0, NULL, '2023-05-31 10:02:41.457000', 70, '127.0.0.1', '本地测试', '查询子部门', '{}', 'GET', '/zwz/department/getByParentId', 'admin', 2, 'DEP-01', 'PC端 | Chrome 113.0.0.0 | Windows Windows 10 or Windows Server 2016'),
	('1663727668518064132', NULL, '2023-05-31 10:02:41.457000', 0, NULL, '2023-05-31 10:02:41.457000', 69, '127.0.0.1', '本地测试', '查询用户', '{"pageNumber":"1","pageSize":"10","sort":"createTime","order":"desc","departmentId":""}', 'GET', '/zwz/myUser/getByPage', 'admin', 2, 'USER-01', 'PC端 | Chrome 113.0.0.0 | Windows Windows 10 or Windows Server 2016'),
	('1663727670137065475', NULL, '2023-05-31 10:02:41.817000', 0, NULL, '2023-05-31 10:02:41.817000', 37, '127.0.0.1', '本地测试', '查询子部门', '{}', 'GET', '/zwz/department/getByParentId', 'admin', 2, 'DEP-01', 'PC端 | Chrome 113.0.0.0 | Windows Windows 10 or Windows Server 2016'),
	('1663727719944425472', NULL, '2023-05-31 10:02:53.898000', 0, NULL, '2023-05-31 10:02:53.898000', 245, '127.0.0.1', '本地测试', '查询系统文件', '{"name":"","fkey":"","type":"","pageNumber":"1","pageSize":"15","sort":"createTime","order":"desc","startDate":"","endDate":""}', 'GET', '/zwz/file/getByCondition', 'admin', 2, 'FILE-01', 'PC端 | Chrome 113.0.0.0 | Windows Windows 10 or Windows Server 2016'),
	('1663727721177550851', NULL, '2023-05-31 10:02:54.356000', 0, NULL, '2023-05-31 10:02:54.356000', 405, '127.0.0.1', '本地测试', '查看单个配置', '{"id":"FILE_HTTP"}', 'GET', '/zwz/setting/getOne', 'admin', 2, 'SETTING-01', 'PC端 | Chrome 113.0.0.0 | Windows Windows 10 or Windows Server 2016'),
	('1663727721177550852', NULL, '2023-05-31 10:02:54.005000', 0, NULL, '2023-05-31 10:02:54.005000', 52, '127.0.0.1', '本地测试', '查看单个配置', '{"id":"FILE_VIEW"}', 'GET', '/zwz/setting/getOne', 'admin', 2, 'SETTING-01', 'PC端 | Chrome 113.0.0.0 | Windows Windows 10 or Windows Server 2016'),
	('1663727721177550853', NULL, '2023-05-31 10:02:54.130000', 0, NULL, '2023-05-31 10:02:54.130000', 176, '127.0.0.1', '本地测试', '查看单个配置', '{"id":"FILE_PATH"}', 'GET', '/zwz/setting/getOne', 'admin', 2, 'SETTING-01', 'PC端 | Chrome 113.0.0.0 | Windows Windows 10 or Windows Server 2016'),
	('1663727755604398080', NULL, '2023-05-31 10:03:02.233000', 0, NULL, '2023-05-31 10:03:02.233000', 85, '127.0.0.1', '本地测试', '查询角色', '{"pageNumber":"1","pageSize":"15","sort":"createTime","order":"desc"}', 'GET', '/zwz/role/getAllByPage', 'admin', 2, 'ROLE-02', 'PC端 | Chrome 113.0.0.0 | Windows Windows 10 or Windows Server 2016'),
	('1663727814467260417', NULL, '2023-05-31 10:03:16.274000', 0, NULL, '2023-05-31 10:03:16.274000', 82, '127.0.0.1', '本地测试', '查询单个数据字典的值', '{}', 'GET', '/zwz/dictData/getByType/permission_type', 'admin', 2, 'DICT_DATA-01', 'PC端 | Chrome 113.0.0.0 | Windows Windows 10 or Windows Server 2016'),
	('1663727821895372814', NULL, '2023-05-31 10:03:18.013000', 0, NULL, '2023-05-31 10:03:18.013000', 50, '127.0.0.1', '本地测试', '查询菜单权限拥有者', '{"permissionId":"40238597734928384"}', 'GET', '/zwz/permission/getUserByPermission', 'admin', 2, 'PERMISSION-01', 'PC端 | Chrome 113.0.0.0 | Windows Windows 10 or Windows Server 2016'),
	('1663727841495355400', NULL, '2023-05-31 10:03:22.698000', 0, NULL, '2023-05-31 10:03:22.698000', 75, '127.0.0.1', '本地测试', '查询菜单权限拥有者', '{"permissionId":"56309618086776832"}', 'GET', '/zwz/permission/getUserByPermission', 'admin', 2, 'PERMISSION-01', 'PC端 | Chrome 113.0.0.0 | Windows Windows 10 or Windows Server 2016'),
	('1663727889293643779', NULL, '2023-05-31 10:03:34.098000', 0, NULL, '2023-05-31 10:03:34.098000', 74, '127.0.0.1', '本地测试', '查询日志', '{"logType":"1","pageNumber":"1","pageSize":"15","startDate":"","endDate":"","sort":"createTime","order":"desc","ipInfo":"","key":""}', 'GET', '/zwz/log/getAllByPage', 'admin', 2, 'LOG-01', 'PC端 | Chrome 113.0.0.0 | Windows Windows 10 or Windows Server 2016'),
	('1663727926211907587', NULL, '2023-05-31 10:03:42.878000', 0, NULL, '2023-05-31 10:03:42.878000', 43, '127.0.0.1', '本地测试', '查询所有数据字典', '{}', 'GET', '/zwz/dict/getAll', 'admin', 2, 'DICT-01', 'PC端 | Chrome 113.0.0.0 | Windows Windows 10 or Windows Server 2016'),
	('1663727926891384847', NULL, '2023-05-31 10:03:43.027000', 0, NULL, '2023-05-31 10:03:43.027000', 28, '127.0.0.1', '本地测试', '查询数据字典值', '{"name":"","status":"","pageNumber":"1","pageSize":"10","sort":"sortOrder","order":"asc"}', 'GET', '/zwz/dictData/getByCondition', 'admin', 2, 'DICT_DATA-02', 'PC端 | Chrome 113.0.0.0 | Windows Windows 10 or Windows Server 2016'),
	('1663727998651731968', NULL, '2023-05-31 10:04:00.170000', 0, NULL, '2023-05-31 10:04:00.170000', 64, '127.0.0.1', '本地测试', '查询所有数据字典', '{}', 'GET', '/zwz/dict/getAll', 'admin', 2, 'DICT-01', 'PC端 | Chrome 113.0.0.0 | Windows Windows 10 or Windows Server 2016'),
	('1663727999771611136', NULL, '2023-05-31 10:04:00.398000', 0, NULL, '2023-05-31 10:04:00.398000', 42, '127.0.0.1', '本地测试', '查询数据字典值', '{"name":"","status":"","pageNumber":"1","pageSize":"10","sort":"sortOrder","order":"asc"}', 'GET', '/zwz/dictData/getByCondition', 'admin', 2, 'DICT_DATA-02', 'PC端 | Chrome 113.0.0.0 | Windows Windows 10 or Windows Server 2016'),
	('1663728074610577408', NULL, '2023-05-31 10:04:18.258000', 0, NULL, '2023-05-31 10:04:18.258000', 48, '127.0.0.1', '本地测试', '查询个人门户菜单B', '{}', 'POST', '/zwz/myDoor/getMyDoorList6', 'admin', 2, 'MY-DOOR-02', 'PC端 | Chrome 113.0.0.0 | Windows Windows 10 or Windows Server 2016'),
	('1663728085327024135', NULL, '2023-05-31 10:04:20.798000', 0, NULL, '2023-05-31 10:04:20.798000', 29, '127.0.0.1', '本地测试', '查询学生', '{"pageNumber":"1","pageSize":"15","sort":"createTime","order":"desc"}', 'GET', '/zwz/student/getByPage', 'admin', 3, 'STUDENT-04', 'PC端 | Chrome 113.0.0.0 | Windows Windows 10 or Windows Server 2016'),
	('1663728085327024136', NULL, '2023-05-31 10:04:20.820000', 0, NULL, '2023-05-31 10:04:20.820000', 53, '127.0.0.1', '本地测试', '查询单个数据字典的值', '{}', 'GET', '/zwz/dictData/getByType/sex', 'admin', 2, 'DICT_DATA-01', 'PC端 | Chrome 113.0.0.0 | Windows Windows 10 or Windows Server 2016'),
	('1663728097435979776', NULL, '2023-05-31 10:04:23.682000', 0, NULL, '2023-05-31 10:04:23.682000', 26, '127.0.0.1', '本地测试', '查询菜单', '{}', 'GET', '/zwz/permission/getMenuList', 'admin', 2, 'PERMISSION-02', 'PC端 | Chrome 113.0.0.0 | Windows Windows 10 or Windows Server 2016'),
	('1663728098266451968', NULL, '2023-05-31 10:04:23.884000', 0, NULL, '2023-05-31 10:04:23.884000', 31, '127.0.0.1', '本地测试', '查询单个数据字典的值', '{}', 'GET', '/zwz/dictData/getByType/sex', 'admin', 2, 'DICT_DATA-01', 'PC端 | Chrome 113.0.0.0 | Windows Windows 10 or Windows Server 2016'),
	('1663728098878820352', NULL, '2023-05-31 10:04:24.028000', 0, NULL, '2023-05-31 10:04:24.028000', 27, '127.0.0.1', '本地测试', '查询学生', '{"pageNumber":"1","pageSize":"15","sort":"createTime","order":"desc"}', 'GET', '/zwz/student/getByPage', 'admin', 3, 'STUDENT-04', 'PC端 | Chrome 113.0.0.0 | Windows Windows 10 or Windows Server 2016'),
	('1663728123558105088', NULL, '2023-05-31 10:04:29.940000', 0, NULL, '2023-05-31 10:04:29.940000', 58, '127.0.0.1', '本地测试', '查询菜单', '{}', 'GET', '/zwz/permission/getMenuList', 'admin', 2, 'PERMISSION-02', 'PC端 | Chrome 113.0.0.0 | Windows Windows 10 or Windows Server 2016'),
	('1663728124627652608', NULL, '2023-05-31 10:04:30.166000', 0, NULL, '2023-05-31 10:04:30.166000', 27, '127.0.0.1', '本地测试', '查询单个数据字典的值', '{}', 'GET', '/zwz/dictData/getByType/sex', 'admin', 2, 'DICT_DATA-01', 'PC端 | Chrome 113.0.0.0 | Windows Windows 10 or Windows Server 2016'),
	('1663728124631846916', NULL, '2023-05-31 10:04:30.205000', 0, NULL, '2023-05-31 10:04:30.205000', 65, '127.0.0.1', '本地测试', '查询学生', '{"pageNumber":"1","pageSize":"15","sort":"createTime","order":"desc"}', 'GET', '/zwz/student/getByPage', 'admin', 3, 'STUDENT-04', 'PC端 | Chrome 113.0.0.0 | Windows Windows 10 or Windows Server 2016'),
	('1663728159364878336', NULL, '2023-05-31 10:04:38.475000', 0, NULL, '2023-05-31 10:04:38.475000', 55, '127.0.0.1', '本地测试', '查询菜单', '{}', 'GET', '/zwz/permission/getMenuList', 'admin', 2, 'PERMISSION-02', 'PC端 | Chrome 113.0.0.0 | Windows Windows 10 or Windows Server 2016'),
	('1663728160258265090', NULL, '2023-05-31 10:04:38.658000', 0, NULL, '2023-05-31 10:04:38.658000', 25, '127.0.0.1', '本地测试', '查询单个数据字典的值', '{}', 'GET', '/zwz/dictData/getByType/sex', 'admin', 2, 'DICT_DATA-01', 'PC端 | Chrome 113.0.0.0 | Windows Windows 10 or Windows Server 2016'),
	('1663728160262459392', NULL, '2023-05-31 10:04:38.694000', 0, NULL, '2023-05-31 10:04:38.694000', 61, '127.0.0.1', '本地测试', '查询学生', '{"pageNumber":"1","pageSize":"15","sort":"createTime","order":"desc"}', 'GET', '/zwz/student/getByPage', 'admin', 3, 'STUDENT-04', 'PC端 | Chrome 113.0.0.0 | Windows Windows 10 or Windows Server 2016'),
	('1663728200636829696', NULL, '2023-05-31 10:04:48.338000', 0, NULL, '2023-05-31 10:04:48.338000', 78, '127.0.0.1', '本地测试', '查询单个数据字典的值', '{}', 'GET', '/zwz/dictData/getByType/education', 'admin', 2, 'DICT_DATA-01', 'PC端 | Chrome 113.0.0.0 | Windows Windows 10 or Windows Server 2016'),
	('1663728201391804416', NULL, '2023-05-31 10:04:48.483000', 0, NULL, '2023-05-31 10:04:48.483000', 43, '127.0.0.1', '本地测试', '查询教师', '{"pageNumber":"1","pageSize":"15","sort":"createTime","order":"desc"}', 'GET', '/zwz/teacher/getByPage', 'admin', 3, 'TEACHER-04', 'PC端 | Chrome 113.0.0.0 | Windows Windows 10 or Windows Server 2016'),
	('1663728217149804544', NULL, '2023-05-31 10:04:52.222000', 0, NULL, '2023-05-31 10:04:52.222000', 26, '127.0.0.1', '本地测试', '查询单个数据字典的值', '{}', 'GET', '/zwz/dictData/getByType/occupationStatus', 'admin', 2, 'DICT_DATA-01', 'PC端 | Chrome 113.0.0.0 | Windows Windows 10 or Windows Server 2016'),
	('1663728217149804545', NULL, '2023-05-31 10:04:52.283000', 0, NULL, '2023-05-31 10:04:52.283000', 85, '127.0.0.1', '本地测试', '查询单个数据字典的值', '{}', 'GET', '/zwz/dictData/getByType/education', 'admin', 2, 'DICT_DATA-01', 'PC端 | Chrome 113.0.0.0 | Windows Windows 10 or Windows Server 2016'),
	('1663728328173031427', NULL, '2023-05-31 10:05:18.800000', 0, NULL, '2023-05-31 10:05:18.800000', 136, '127.0.0.1', '本地测试', '文件上传', '{}', 'POST', '/zwz/upload/file', 'admin', 2, 'FILE-06', 'PC端 | Chrome 113.0.0.0 | Windows Windows 10 or Windows Server 2016'),
	('1663728342806958080', NULL, '2023-05-31 10:05:22.200000', 0, NULL, '2023-05-31 10:05:22.200000', 54, '127.0.0.1', '本地测试', '文件上传', '{}', 'POST', '/zwz/upload/file', 'admin', 2, 'FILE-06', 'PC端 | Chrome 113.0.0.0 | Windows Windows 10 or Windows Server 2016'),
	('1663728348758675458', NULL, '2023-05-31 10:05:23.619000', 0, NULL, '2023-05-31 10:05:23.619000', 40, '127.0.0.1', '本地测试', '编辑教师', '{"id":"1536614275123122176","updateBy":"admin","updateTime":"2022-06-14 15:41:09","createBy":"admin","createTime":"2022-06-14 15:39:26","delFlag":"0","name":"张三","education":"博士","age":"30","graduated":"同济大学","wages":"9960","status":"在职","autograph":"http://127.0.0.1:8080/zwz/file/view/1663728328143671296","resume":"http://127.0.0.1:8080/zwz/file/view/1663728342752432128","remark":"测试","_index":"0","_rowKey":"5"}', 'POST', '/zwz/teacher/update', 'admin', 3, 'TEACHER-07', 'PC端 | Chrome 113.0.0.0 | Windows Windows 10 or Windows Server 2016'),
	('1663728349849194502', NULL, '2023-05-31 10:05:23.879000', 0, NULL, '2023-05-31 10:05:23.879000', 40, '127.0.0.1', '本地测试', '查询教师', '{"pageNumber":"1","pageSize":"15","sort":"createTime","order":"desc"}', 'GET', '/zwz/teacher/getByPage', 'admin', 3, 'TEACHER-04', 'PC端 | Chrome 113.0.0.0 | Windows Windows 10 or Windows Server 2016'),
	('1663728595199201280', NULL, '2023-05-31 10:06:22.412000', 0, NULL, '2023-05-31 10:06:22.412000', 81, '127.0.0.1', '本地测试', '查询菜单', '{}', 'GET', '/zwz/permission/getMenuList', 'admin', 2, 'PERMISSION-02', 'PC端 | Chrome 113.0.0.0 | Windows Windows 10 or Windows Server 2016'),
	('1663728596642041856', NULL, '2023-05-31 10:06:22.720000', 0, NULL, '2023-05-31 10:06:22.720000', 45, '127.0.0.1', '本地测试', '查询单个数据字典的值', '{}', 'GET', '/zwz/dictData/getByType/education', 'admin', 2, 'DICT_DATA-01', 'PC端 | Chrome 113.0.0.0 | Windows Windows 10 or Windows Server 2016'),
	('1663728596658819072', NULL, '2023-05-31 10:06:22.771000', 0, NULL, '2023-05-31 10:06:22.771000', 90, '127.0.0.1', '本地测试', '查询教师', '{"pageNumber":"1","pageSize":"15","sort":"createTime","order":"desc"}', 'GET', '/zwz/teacher/getByPage', 'admin', 3, 'TEACHER-04', 'PC端 | Chrome 113.0.0.0 | Windows Windows 10 or Windows Server 2016'),
	('1663728761247502336', NULL, '2023-05-31 10:07:02.019000', 0, NULL, '2023-05-31 10:07:02.019000', 98, '127.0.0.1', '本地测试', '查询图表数据', '{}', 'GET', '/zwz/teacher/getAntvVoList', 'admin', 4, 'CHART-01', 'PC端 | Chrome 113.0.0.0 | Windows Windows 10 or Windows Server 2016'),
	('1663728778884550680', NULL, '2023-05-31 10:07:06.159000', 0, NULL, '2023-05-31 10:07:06.159000', 42, '127.0.0.1', '本地测试', '查询个人门户菜单B', '{}', 'POST', '/zwz/myDoor/getMyDoorList6', 'admin', 2, 'MY-DOOR-02', 'PC端 | Chrome 113.0.0.0 | Windows Windows 10 or Windows Server 2016'),
	('1663728795061981187', NULL, '2023-05-31 10:07:10.020000', 0, NULL, '2023-05-31 10:07:10.020000', 38, '127.0.0.1', '本地测试', '查询单个数据字典的值', '{}', 'GET', '/zwz/dictData/getByType/sex', 'admin', 2, 'DICT_DATA-01', 'PC端 | Chrome 113.0.0.0 | Windows Windows 10 or Windows Server 2016'),
	('1663728874523070464', NULL, '2023-05-31 10:07:28.992000', 0, NULL, '2023-05-31 10:07:28.992000', 62, '127.0.0.1', '本地测试', '查询单个数据字典的值', '{}', 'GET', '/zwz/dictData/getByType/sex', 'admin', 2, 'DICT_DATA-01', 'PC端 | Chrome 113.0.0.0 | Windows Windows 10 or Windows Server 2016'),
	('1663728944442118144', NULL, '2023-05-31 10:07:45.680000', 0, NULL, '2023-05-31 10:07:45.680000', 95, '127.0.0.1', '本地测试', '查询个人门户菜单B', '{}', 'POST', '/zwz/myDoor/getMyDoorList6', 'admin', 2, 'MY-DOOR-02', 'PC端 | Chrome 113.0.0.0 | Windows Windows 10 or Windows Server 2016'),
	('1685483548586414080', NULL, '2023-07-30 10:52:47.744000', 0, NULL, '2023-07-30 10:52:47.744000', 446, '127.0.0.1', '本地测试', '登录系统', '{"username":"admin","password":"","code":"5576","captchaId":"37f4b0463a60491da8b5056727c6b1d4","saveLogin":"true"}', 'POST', '/zwz/login', '管理员', 1, '', 'PC端 | Chrome 115.0.0.0 | Windows Windows 10 or Windows Server 2016'),
	('1685483548703854592', NULL, '2023-07-30 10:52:47.744000', 0, NULL, '2023-07-30 10:52:47.744000', 258, '127.0.0.1', '本地测试', '获取当前登录用户', '{}', 'GET', '/zwz/user/info', '管理员', 2, 'USER-02', 'PC端 | Chrome 115.0.0.0 | Windows Windows 10 or Windows Server 2016'),
	('1685483551224631296', NULL, '2023-07-30 10:52:48.095000', 0, NULL, '2023-07-30 10:52:48.095000', 76, '127.0.0.1', '本地测试', '查询菜单', '{}', 'GET', '/zwz/permission/getMenuList', '管理员', 2, 'PERMISSION-02', 'PC端 | Chrome 115.0.0.0 | Windows Windows 10 or Windows Server 2016'),
	('1685483554315833344', NULL, '2023-07-30 10:52:48.816000', 0, NULL, '2023-07-30 10:52:48.816000', 48, '127.0.0.1', '本地测试', '查询菜单', '{}', 'GET', '/zwz/permission/getMenuList', '管理员', 2, 'PERMISSION-02', 'PC端 | Chrome 115.0.0.0 | Windows Windows 10 or Windows Server 2016'),
	('1685483555402158080', NULL, '2023-07-30 10:52:49.076000', 0, NULL, '2023-07-30 10:52:49.076000', 84, '127.0.0.1', '本地测试', '查询个人门户菜单B', '{}', 'POST', '/zwz/myDoor/getMyDoorList6', '管理员', 2, 'MY-DOOR-02', 'PC端 | Chrome 115.0.0.0 | Windows Windows 10 or Windows Server 2016'),
	('1685483832637263872', NULL, '2023-07-30 10:53:55.221000', 0, NULL, '2023-07-30 10:53:55.221000', 89, '127.0.0.1', '本地测试', '登录系统', '{"username":"admin","password":"","code":"1484","captchaId":"62dadf163db84c3ea62fbaf70bec8945","saveLogin":"true"}', 'POST', '/zwz/login', 'admin', 1, '', 'PC端 | Chrome 115.0.0.0 | Windows Windows 10 or Windows Server 2016'),
	('1685483832746315776', NULL, '2023-07-30 10:53:55.237000', 0, NULL, '2023-07-30 10:53:55.237000', 94, '127.0.0.1', '本地测试', '获取当前登录用户', '{}', 'GET', '/zwz/user/info', 'admin', 2, 'USER-02', 'PC端 | Chrome 115.0.0.0 | Windows Windows 10 or Windows Server 2016'),
	('1685483834541477888', NULL, '2023-07-30 10:53:55.631000', 0, NULL, '2023-07-30 10:53:55.631000', 59, '127.0.0.1', '本地测试', '查询个人门户菜单B', '{}', 'POST', '/zwz/myDoor/getMyDoorList6', 'admin', 2, 'MY-DOOR-02', 'PC端 | Chrome 115.0.0.0 | Windows Windows 10 or Windows Server 2016'),
	('1685483834835079168', NULL, '2023-07-30 10:53:55.693000', 0, NULL, '2023-07-30 10:53:55.693000', 123, '127.0.0.1', '本地测试', '查询菜单', '{}', 'GET', '/zwz/permission/getMenuList', 'admin', 2, 'PERMISSION-02', 'PC端 | Chrome 115.0.0.0 | Windows Windows 10 or Windows Server 2016'),
	('1685483844691693569', NULL, '2023-07-30 10:53:58.057000', 0, NULL, '2023-07-30 10:53:58.057000', 58, '127.0.0.1', '本地测试', '查询单个数据字典的值', '{}', 'GET', '/zwz/dictData/getByType/permission_type', 'admin', 2, 'DICT_DATA-01', 'PC端 | Chrome 115.0.0.0 | Windows Windows 10 or Windows Server 2016'),
	('1685483845048209408', NULL, '2023-07-30 10:53:58.134000', 0, NULL, '2023-07-30 10:53:58.134000', 129, '127.0.0.1', '本地测试', '查询全部菜单', '{}', 'GET', '/zwz/permission/getAllList', 'admin', 2, 'PERMISSION-04', 'PC端 | Chrome 115.0.0.0 | Windows Windows 10 or Windows Server 2016'),
	('1685483849645166592', NULL, '2023-07-30 10:53:59.231000', 0, NULL, '2023-07-30 10:53:59.231000', 55, '127.0.0.1', '本地测试', '查询菜单权限拥有者', '{"permissionId":"40238597734928384"}', 'GET', '/zwz/permission/getUserByPermission', 'admin', 2, 'PERMISSION-01', 'PC端 | Chrome 115.0.0.0 | Windows Windows 10 or Windows Server 2016'),
	('1685483874215399424', NULL, '2023-07-30 10:54:05.132000', 0, NULL, '2023-07-30 10:54:05.132000', 96, '127.0.0.1', '本地测试', '编辑菜单', '{"id":"40238597734928384","updateBy":"admin","createBy":"","createTime":"2022-03-20 09:46:20","delFlag":"0","name":"department-admin","title":"分公司管理","level":"2","status":"0","type":"0","component":"roster/department/department","path":"dep","icon":"md-git-branch","parentId":"1464484663442673664","buttonType":"","description":"","sortOrder":"2","expand":"true","selected":"true","checked":"false","permTypes":"","nodeKey":"6"}', 'POST', '/zwz/permission/edit', 'admin', 2, 'PERMISSION-07', 'PC端 | Chrome 115.0.0.0 | Windows Windows 10 or Windows Server 2016'),
	('1685483875456913408', NULL, '2023-07-30 10:54:05.382000', 0, NULL, '2023-07-30 10:54:05.382000', 90, '127.0.0.1', '本地测试', '查询菜单', '{}', 'GET', '/zwz/permission/getMenuList', 'admin', 2, 'PERMISSION-02', 'PC端 | Chrome 115.0.0.0 | Windows Windows 10 or Windows Server 2016'),
	('1685483875989590016', NULL, '2023-07-30 10:54:05.511000', 0, NULL, '2023-07-30 10:54:05.511000', 45, '127.0.0.1', '本地测试', '查询单个数据字典的值', '{}', 'GET', '/zwz/dictData/getByType/permission_type', 'admin', 2, 'DICT_DATA-01', 'PC端 | Chrome 115.0.0.0 | Windows Windows 10 or Windows Server 2016'),
	('1685483876157362176', NULL, '2023-07-30 10:54:05.553000', 0, NULL, '2023-07-30 10:54:05.553000', 87, '127.0.0.1', '本地测试', '查询全部菜单', '{}', 'GET', '/zwz/permission/getAllList', 'admin', 2, 'PERMISSION-04', 'PC端 | Chrome 115.0.0.0 | Windows Windows 10 or Windows Server 2016'),
	('1685483879286312960', NULL, '2023-07-30 10:54:06.293000', 0, NULL, '2023-07-30 10:54:06.293000', 43, '127.0.0.1', '本地测试', '查询菜单权限拥有者', '{"permissionId":"1663724125664972800"}', 'GET', '/zwz/permission/getUserByPermission', 'admin', 2, 'PERMISSION-01', 'PC端 | Chrome 115.0.0.0 | Windows Windows 10 or Windows Server 2016'),
	('1685483886588596224', NULL, '2023-07-30 10:54:08.041000', 0, NULL, '2023-07-30 10:54:08.041000', 49, '127.0.0.1', '本地测试', '编辑菜单', '{"id":"1663724125664972800","updateBy":"","createBy":"admin","createTime":"2023-05-31 09:48:36","delFlag":"0","name":"","title":"添加分公司","level":"3","status":"0","type":"1","component":"","path":"无","icon":"","parentId":"40238597734928384","buttonType":"add","description":"","sortOrder":"1","expand":"true","selected":"true","checked":"false","permTypes":"","nodeKey":"7"}', 'POST', '/zwz/permission/edit', 'admin', 2, 'PERMISSION-07', 'PC端 | Chrome 115.0.0.0 | Windows Windows 10 or Windows Server 2016'),
	('1685483887767195648', NULL, '2023-07-30 10:54:08.314000', 0, NULL, '2023-07-30 10:54:08.314000', 76, '127.0.0.1', '本地测试', '查询菜单', '{}', 'GET', '/zwz/permission/getMenuList', 'admin', 2, 'PERMISSION-02', 'PC端 | Chrome 115.0.0.0 | Windows Windows 10 or Windows Server 2016'),
	('1685483888144683008', NULL, '2023-07-30 10:54:08.406000', 0, NULL, '2023-07-30 10:54:08.406000', 42, '127.0.0.1', '本地测试', '查询单个数据字典的值', '{}', 'GET', '/zwz/dictData/getByType/permission_type', 'admin', 2, 'DICT_DATA-01', 'PC端 | Chrome 115.0.0.0 | Windows Windows 10 or Windows Server 2016'),
	('1685483888295677952', NULL, '2023-07-30 10:54:08.482000', 0, NULL, '2023-07-30 10:54:08.482000', 116, '127.0.0.1', '本地测试', '查询全部菜单', '{}', 'GET', '/zwz/permission/getAllList', 'admin', 2, 'PERMISSION-04', 'PC端 | Chrome 115.0.0.0 | Windows Windows 10 or Windows Server 2016'),
	('1685483890854203392', NULL, '2023-07-30 10:54:09.053000', 0, NULL, '2023-07-30 10:54:09.053000', 48, '127.0.0.1', '本地测试', '查询菜单权限拥有者', '{"permissionId":"1663724149731889152"}', 'GET', '/zwz/permission/getUserByPermission', 'admin', 2, 'PERMISSION-01', 'PC端 | Chrome 115.0.0.0 | Windows Windows 10 or Windows Server 2016'),
	('1685483899100205056', NULL, '2023-07-30 10:54:11.026000', 0, NULL, '2023-07-30 10:54:11.026000', 52, '127.0.0.1', '本地测试', '编辑菜单', '{"id":"1663724149731889152","updateBy":"","createBy":"admin","createTime":"2023-05-31 09:48:42","delFlag":"0","name":"","title":"编辑分公司","level":"3","status":"0","type":"1","component":"","path":"无","icon":"","parentId":"40238597734928384","buttonType":"edit","description":"","sortOrder":"2","expand":"true","selected":"true","checked":"false","permTypes":"","nodeKey":"8"}', 'POST', '/zwz/permission/edit', 'admin', 2, 'PERMISSION-07', 'PC端 | Chrome 115.0.0.0 | Windows Windows 10 or Windows Server 2016'),
	('1685483900392050688', NULL, '2023-07-30 10:54:11.330000', 0, NULL, '2023-07-30 10:54:11.330000', 91, '127.0.0.1', '本地测试', '查询菜单', '{}', 'GET', '/zwz/permission/getMenuList', 'admin', 2, 'PERMISSION-02', 'PC端 | Chrome 115.0.0.0 | Windows Windows 10 or Windows Server 2016'),
	('1685483900752760832', NULL, '2023-07-30 10:54:11.415000', 0, NULL, '2023-07-30 10:54:11.415000', 47, '127.0.0.1', '本地测试', '查询单个数据字典的值', '{}', 'GET', '/zwz/dictData/getByType/permission_type', 'admin', 2, 'DICT_DATA-01', 'PC端 | Chrome 115.0.0.0 | Windows Windows 10 or Windows Server 2016'),
	('1685483900975058944', NULL, '2023-07-30 10:54:11.468000', 0, NULL, '2023-07-30 10:54:11.468000', 98, '127.0.0.1', '本地测试', '查询全部菜单', '{}', 'GET', '/zwz/permission/getAllList', 'admin', 2, 'PERMISSION-04', 'PC端 | Chrome 115.0.0.0 | Windows Windows 10 or Windows Server 2016'),
	('1685483903168679936', NULL, '2023-07-30 10:54:11.989000', 0, NULL, '2023-07-30 10:54:11.989000', 44, '127.0.0.1', '本地测试', '查询菜单权限拥有者', '{"permissionId":"1663724174398590976"}', 'GET', '/zwz/permission/getUserByPermission', 'admin', 2, 'PERMISSION-01', 'PC端 | Chrome 115.0.0.0 | Windows Windows 10 or Windows Server 2016'),
	('1685483910429020160', NULL, '2023-07-30 10:54:13.717000', 0, NULL, '2023-07-30 10:54:13.717000', 43, '127.0.0.1', '本地测试', '编辑菜单', '{"id":"1663724174398590976","updateBy":"","createBy":"admin","createTime":"2023-05-31 09:48:48","delFlag":"0","name":"","title":"删除分公司","level":"3","status":"0","type":"1","component":"","path":"无","icon":"","parentId":"40238597734928384","buttonType":"delete","description":"","sortOrder":"3","expand":"true","selected":"true","checked":"false","permTypes":"","nodeKey":"9"}', 'POST', '/zwz/permission/edit', 'admin', 2, 'PERMISSION-07', 'PC端 | Chrome 115.0.0.0 | Windows Windows 10 or Windows Server 2016'),
	('1685483911653756928', NULL, '2023-07-30 10:54:14.013000', 0, NULL, '2023-07-30 10:54:14.013000', 74, '127.0.0.1', '本地测试', '查询菜单', '{}', 'GET', '/zwz/permission/getMenuList', 'admin', 2, 'PERMISSION-02', 'PC端 | Chrome 115.0.0.0 | Windows Windows 10 or Windows Server 2016'),
	('1685483911989301248', NULL, '2023-07-30 10:54:14.092000', 0, NULL, '2023-07-30 10:54:14.092000', 43, '127.0.0.1', '本地测试', '查询单个数据字典的值', '{}', 'GET', '/zwz/dictData/getByType/permission_type', 'admin', 2, 'DICT_DATA-01', 'PC端 | Chrome 115.0.0.0 | Windows Windows 10 or Windows Server 2016'),
	('1685483912136101888', NULL, '2023-07-30 10:54:14.170000', 0, NULL, '2023-07-30 10:54:14.170000', 119, '127.0.0.1', '本地测试', '查询全部菜单', '{}', 'GET', '/zwz/permission/getAllList', 'admin', 2, 'PERMISSION-04', 'PC端 | Chrome 115.0.0.0 | Windows Windows 10 or Windows Server 2016'),
	('1685484462730776576', NULL, '2023-07-30 10:56:25.441000', 0, NULL, '2023-07-30 10:56:25.441000', 142, '127.0.0.1', '本地测试', '查询角色', '{"pageNumber":"1","pageSize":"15","sort":"createTime","order":"desc"}', 'GET', '/zwz/role/getAllByPage', 'admin', 2, 'ROLE-02', 'PC端 | Chrome 115.0.0.0 | Windows Windows 10 or Windows Server 2016'),
	('1685484567340912640', NULL, '2023-07-30 10:56:50.369000', 0, NULL, '2023-07-30 10:56:50.369000', 90, '127.0.0.1', '本地测试', '修改菜单权限', '{"roleId":"1536606659751841795","permIds":"125909152017944576,1624585360052981760,1624586079917182976,1624612711029673984"}', 'POST', '/zwz/role/editRolePerm', 'admin', 2, 'ROLE-04', 'PC端 | Chrome 115.0.0.0 | Windows Windows 10 or Windows Server 2016'),
	('1685484569094131713', NULL, '2023-07-30 10:56:50.755000', 0, NULL, '2023-07-30 10:56:50.755000', 47, '127.0.0.1', '本地测试', '查询角色', '{"pageNumber":"1","pageSize":"15","sort":"createTime","order":"desc"}', 'GET', '/zwz/role/getAllByPage', 'admin', 2, 'ROLE-02', 'PC端 | Chrome 115.0.0.0 | Windows Windows 10 or Windows Server 2016'),
	('1685484569178017792', NULL, '2023-07-30 10:56:50.818000', 0, NULL, '2023-07-30 10:56:50.818000', 112, '127.0.0.1', '本地测试', '查询菜单', '{}', 'GET', '/zwz/permission/getMenuList', 'admin', 2, 'PERMISSION-02', 'PC端 | Chrome 115.0.0.0 | Windows Windows 10 or Windows Server 2016'),
	('1685484666271961088', NULL, '2023-07-30 10:57:13.974000', 0, NULL, '2023-07-30 10:57:13.974000', 100, '127.0.0.1', '本地测试', '修改菜单权限', '{"roleId":"1624586287929495552","permIds":"125909152017944576,1624604152837574656,1624604373428604928,1624644356495511552"}', 'POST', '/zwz/role/editRolePerm', 'admin', 2, 'ROLE-04', 'PC端 | Chrome 115.0.0.0 | Windows Windows 10 or Windows Server 2016'),
	('1685484668075511808', NULL, '2023-07-30 10:57:14.357000', 0, NULL, '2023-07-30 10:57:14.357000', 53, '127.0.0.1', '本地测试', '查询角色', '{"pageNumber":"1","pageSize":"15","sort":"createTime","order":"desc"}', 'GET', '/zwz/role/getAllByPage', 'admin', 2, 'ROLE-02', 'PC端 | Chrome 115.0.0.0 | Windows Windows 10 or Windows Server 2016'),
	('1685484668155203584', NULL, '2023-07-30 10:57:14.425000', 0, NULL, '2023-07-30 10:57:14.425000', 121, '127.0.0.1', '本地测试', '查询菜单', '{}', 'GET', '/zwz/permission/getMenuList', 'admin', 2, 'PERMISSION-02', 'PC端 | Chrome 115.0.0.0 | Windows Windows 10 or Windows Server 2016'),
	('1685484695787278336', NULL, '2023-07-30 10:57:20.997000', 0, NULL, '2023-07-30 10:57:20.997000', 84, '127.0.0.1', '本地测试', '修改菜单权限', '{"roleId":"1624586441982087168","permIds":"125909152017944576,1624604206222675968,1624644670149758976"}', 'POST', '/zwz/role/editRolePerm', 'admin', 2, 'ROLE-04', 'PC端 | Chrome 115.0.0.0 | Windows Windows 10 or Windows Server 2016'),
	('1685484697553080321', NULL, '2023-07-30 10:57:21.387000', 0, NULL, '2023-07-30 10:57:21.387000', 55, '127.0.0.1', '本地测试', '查询角色', '{"pageNumber":"1","pageSize":"15","sort":"createTime","order":"desc"}', 'GET', '/zwz/role/getAllByPage', 'admin', 2, 'ROLE-02', 'PC端 | Chrome 115.0.0.0 | Windows Windows 10 or Windows Server 2016'),
	('1685484697632772096', NULL, '2023-07-30 10:57:21.441000', 0, NULL, '2023-07-30 10:57:21.441000', 109, '127.0.0.1', '本地测试', '查询菜单', '{}', 'GET', '/zwz/permission/getMenuList', 'admin', 2, 'PERMISSION-02', 'PC端 | Chrome 115.0.0.0 | Windows Windows 10 or Windows Server 2016'),
	('1685484730981683200', NULL, '2023-07-30 10:57:29.403000', 0, NULL, '2023-07-30 10:57:29.403000', 98, '127.0.0.1', '本地测试', '修改菜单权限', '{"roleId":"1624586598433820672","permIds":"125909152017944576,1624668912388018176,1624669064733528064"}', 'POST', '/zwz/role/editRolePerm', 'admin', 2, 'ROLE-04', 'PC端 | Chrome 115.0.0.0 | Windows Windows 10 or Windows Server 2016'),
	('1685484732797816833', NULL, '2023-07-30 10:57:29.790000', 0, NULL, '2023-07-30 10:57:29.790000', 54, '127.0.0.1', '本地测试', '查询角色', '{"pageNumber":"1","pageSize":"15","sort":"createTime","order":"desc"}', 'GET', '/zwz/role/getAllByPage', 'admin', 2, 'ROLE-02', 'PC端 | Chrome 115.0.0.0 | Windows Windows 10 or Windows Server 2016'),
	('1685484732864925696', NULL, '2023-07-30 10:57:29.842000', 0, NULL, '2023-07-30 10:57:29.842000', 106, '127.0.0.1', '本地测试', '查询菜单', '{}', 'GET', '/zwz/permission/getMenuList', 'admin', 2, 'PERMISSION-02', 'PC端 | Chrome 115.0.0.0 | Windows Windows 10 or Windows Server 2016'),
	('1685484754394288128', NULL, '2023-07-30 10:57:34.975000', 0, NULL, '2023-07-30 10:57:34.975000', 87, '127.0.0.1', '本地测试', '修改菜单权限', '{"roleId":"1624586564212494336","permIds":"125909152017944576,1624668163968995328,1624668689389457408"}', 'POST', '/zwz/role/editRolePerm', 'admin', 2, 'ROLE-04', 'PC端 | Chrome 115.0.0.0 | Windows Windows 10 or Windows Server 2016'),
	('1685484756206227456', NULL, '2023-07-30 10:57:35.367000', 0, NULL, '2023-07-30 10:57:35.367000', 51, '127.0.0.1', '本地测试', '查询角色', '{"pageNumber":"1","pageSize":"15","sort":"createTime","order":"desc"}', 'GET', '/zwz/role/getAllByPage', 'admin', 2, 'ROLE-02', 'PC端 | Chrome 115.0.0.0 | Windows Windows 10 or Windows Server 2016'),
	('1685484756277530624', NULL, '2023-07-30 10:57:35.426000', 0, NULL, '2023-07-30 10:57:35.426000', 111, '127.0.0.1', '本地测试', '查询菜单', '{}', 'GET', '/zwz/permission/getMenuList', 'admin', 2, 'PERMISSION-02', 'PC端 | Chrome 115.0.0.0 | Windows Windows 10 or Windows Server 2016'),
	('1685484803857715200', NULL, '2023-07-30 10:57:46.763000', 0, NULL, '2023-07-30 10:57:46.763000', 83, '127.0.0.1', '本地测试', '修改菜单权限', '{"roleId":"1624586527529111552","permIds":"125909152017944576,1624659830486732800,1624659942197825536"}', 'POST', '/zwz/role/editRolePerm', 'admin', 2, 'ROLE-04', 'PC端 | Chrome 115.0.0.0 | Windows Windows 10 or Windows Server 2016'),
	('1685484805636100097', NULL, '2023-07-30 10:57:47.135000', 0, NULL, '2023-07-30 10:57:47.135000', 43, '127.0.0.1', '本地测试', '查询角色', '{"pageNumber":"1","pageSize":"15","sort":"createTime","order":"desc"}', 'GET', '/zwz/role/getAllByPage', 'admin', 2, 'ROLE-02', 'PC端 | Chrome 115.0.0.0 | Windows Windows 10 or Windows Server 2016'),
	('1685484805715791872', NULL, '2023-07-30 10:57:47.204000', 0, NULL, '2023-07-30 10:57:47.204000', 111, '127.0.0.1', '本地测试', '查询菜单', '{}', 'GET', '/zwz/permission/getMenuList', 'admin', 2, 'PERMISSION-02', 'PC端 | Chrome 115.0.0.0 | Windows Windows 10 or Windows Server 2016'),
	('1685484826456625152', NULL, '2023-07-30 10:57:52.107000', 0, NULL, '2023-07-30 10:57:52.107000', 37, '127.0.0.1', '本地测试', '修改菜单权限', '{"roleId":"1624586484180979712","permIds":"125909152017944576,1624649875155193856,1624649951734796288"}', 'POST', '/zwz/role/editRolePerm', 'admin', 2, 'ROLE-04', 'PC端 | Chrome 115.0.0.0 | Windows Windows 10 or Windows Server 2016'),
	('1685484828046266369', NULL, '2023-07-30 10:57:52.485000', 0, NULL, '2023-07-30 10:57:52.485000', 42, '127.0.0.1', '本地测试', '查询角色', '{"pageNumber":"1","pageSize":"15","sort":"createTime","order":"desc"}', 'GET', '/zwz/role/getAllByPage', 'admin', 2, 'ROLE-02', 'PC端 | Chrome 115.0.0.0 | Windows Windows 10 or Windows Server 2016'),
	('1685484828125958144', NULL, '2023-07-30 10:57:52.531000', 0, NULL, '2023-07-30 10:57:52.531000', 89, '127.0.0.1', '本地测试', '查询菜单', '{}', 'GET', '/zwz/permission/getMenuList', 'admin', 2, 'PERMISSION-02', 'PC端 | Chrome 115.0.0.0 | Windows Windows 10 or Windows Server 2016'),
	('1685484884895862784', NULL, '2023-07-30 10:58:06.067000', 0, NULL, '2023-07-30 10:58:06.067000', 82, '127.0.0.1', '本地测试', '修改菜单权限', '{"roleId":"1536606659751841799","permIds":"125909152017944576,1464484663442673664,5129710648430593,1663723467998105600,1663723511849553920,1663723538621796352,40238597734928384,1663724125664972800,1663724149731889152,1663724174398590976,5129710648430594,1663724230593875968,1663724255319298048,1663724279579152384,1663724334755221504,5129710648430595,1663724386382909440,1663724413914320896,1663724441433149440,56309618086776832,1663724628767543296,1663724665174102016,1663726175089987584,41363147411427328,1530689602321518592,1663724779984785408,1663724805096083456,1663724828114423808,1535166438371889152,1624585360052981760,1624586079917182976,1624612711029673984,1624604152837574656,1624604373428604928,1624644356495511552,1624604206222675968,1624644670149758976,1624649875155193856,1624649951734796288,1624659830486732800,1624659942197825536,1624668163968995328,1624668689389457408,1624668912388018176,1624669064733528064,1536599942410407936,1536600125332393984,1536600268379131904,1536604417711804416,1536606273959759872,1536606372668510208,1536606464712511488,1536606550951596032,1536606637815631872,1536875505901506560"}', 'POST', '/zwz/role/editRolePerm', 'admin', 2, 'ROLE-04', 'PC端 | Chrome 115.0.0.0 | Windows Windows 10 or Windows Server 2016'),
	('1685484886590361600', NULL, '2023-07-30 10:58:06.440000', 0, NULL, '2023-07-30 10:58:06.440000', 40, '127.0.0.1', '本地测试', '查询角色', '{"pageNumber":"1","pageSize":"15","sort":"createTime","order":"desc"}', 'GET', '/zwz/role/getAllByPage', 'admin', 2, 'ROLE-02', 'PC端 | Chrome 115.0.0.0 | Windows Windows 10 or Windows Server 2016'),
	('1685484886686830592', NULL, '2023-07-30 10:58:06.463000', 0, NULL, '2023-07-30 10:58:06.463000', 63, '127.0.0.1', '本地测试', '查询菜单', '{}', 'GET', '/zwz/permission/getMenuList', 'admin', 2, 'PERMISSION-02', 'PC端 | Chrome 115.0.0.0 | Windows Windows 10 or Windows Server 2016'),
	('1685484911483555844', NULL, '2023-07-30 10:58:12.411000', 0, NULL, '2023-07-30 10:58:12.411000', 63, '127.0.0.1', '本地测试', '查询单个数据字典的值', '{}', 'GET', '/zwz/dictData/getByType/permission_type', 'admin', 2, 'DICT_DATA-01', 'PC端 | Chrome 115.0.0.0 | Windows Windows 10 or Windows Server 2016'),
	('1685484915422007296', NULL, '2023-07-30 10:58:13.314000', 0, NULL, '2023-07-30 10:58:13.314000', 45, '127.0.0.1', '本地测试', '查询菜单权限拥有者', '{"permissionId":"125909152017944576"}', 'GET', '/zwz/permission/getUserByPermission', 'admin', 2, 'PERMISSION-01', 'PC端 | Chrome 115.0.0.0 | Windows Windows 10 or Windows Server 2016'),
	('1685484940399087616', NULL, '2023-07-30 10:58:19.302000', 0, NULL, '2023-07-30 10:58:19.302000', 63, '127.0.0.1', '本地测试', '编辑菜单', '{"id":"125909152017944576","updateBy":"admin","createBy":"admin","createTime":"2022-03-20 09:46:20","delFlag":"0","name":"zwz","title":"天然气工程运维系统","level":"0","status":"0","type":"-1","component":"","path":"","icon":"md-home","parentId":"0","buttonType":"","description":"","sortOrder":"1","expand":"true","selected":"true","checked":"false","permTypes":"","nodeKey":"0"}', 'POST', '/zwz/permission/edit', 'admin', 2, 'PERMISSION-07', 'PC端 | Chrome 115.0.0.0 | Windows Windows 10 or Windows Server 2016'),
	('1685484942034866176', NULL, '2023-07-30 10:58:19.659000', 0, NULL, '2023-07-30 10:58:19.659000', 28, '127.0.0.1', '本地测试', '查询单个数据字典的值', '{}', 'GET', '/zwz/dictData/getByType/permission_type', 'admin', 2, 'DICT_DATA-01', 'PC端 | Chrome 115.0.0.0 | Windows Windows 10 or Windows Server 2016'),
	('1685484942240387072', NULL, '2023-07-30 10:58:19.706000', 0, NULL, '2023-07-30 10:58:19.706000', 75, '127.0.0.1', '本地测试', '查询全部菜单', '{}', 'GET', '/zwz/permission/getAllList', 'admin', 2, 'PERMISSION-04', 'PC端 | Chrome 115.0.0.0 | Windows Windows 10 or Windows Server 2016'),
	('1685484942273941504', NULL, '2023-07-30 10:58:19.739000', 0, NULL, '2023-07-30 10:58:19.739000', 108, '127.0.0.1', '本地测试', '查询菜单', '{}', 'GET', '/zwz/permission/getMenuList', 'admin', 2, 'PERMISSION-02', 'PC端 | Chrome 115.0.0.0 | Windows Windows 10 or Windows Server 2016'),
	('1685484954705858560', NULL, '2023-07-30 10:58:22.676000', 0, NULL, '2023-07-30 10:58:22.676000', 38, '127.0.0.1', '本地测试', '查询日志', '{"logType":"1","pageNumber":"1","pageSize":"15","startDate":"","endDate":"","sort":"createTime","order":"desc","ipInfo":"","key":""}', 'GET', '/zwz/log/getAllByPage', 'admin', 2, 'LOG-01', 'PC端 | Chrome 115.0.0.0 | Windows Windows 10 or Windows Server 2016'),
	('1685484960041013248', NULL, '2023-07-30 10:58:23.945000', 0, NULL, '2023-07-30 10:58:23.945000', 33, '127.0.0.1', '本地测试', '查询角色', '{"pageNumber":"1","pageSize":"15","sort":"createTime","order":"desc"}', 'GET', '/zwz/role/getAllByPage', 'admin', 2, 'ROLE-02', 'PC端 | Chrome 115.0.0.0 | Windows Windows 10 or Windows Server 2016'),
	('1685484975484440576', NULL, '2023-07-30 10:58:27.627000', 0, NULL, '2023-07-30 10:58:27.627000', 26, '127.0.0.1', '本地测试', '查询个人门户菜单B', '{}', 'POST', '/zwz/myDoor/getMyDoorList6', 'admin', 2, 'MY-DOOR-02', 'PC端 | Chrome 115.0.0.0 | Windows Windows 10 or Windows Server 2016'),
	('1685485011031166976', NULL, '2023-07-30 10:58:36.143000', 0, NULL, '2023-07-30 10:58:36.143000', 59, '127.0.0.1', '本地测试', '查询全部角色', '{}', 'GET', '/zwz/role/getAllList', 'admin', 2, 'ROLE-01', 'PC端 | Chrome 115.0.0.0 | Windows Windows 10 or Windows Server 2016'),
	('1685485011035361280', NULL, '2023-07-30 10:58:36.146000', 0, NULL, '2023-07-30 10:58:36.146000', 61, '127.0.0.1', '本地测试', '查询单个数据字典的值', '{}', 'GET', '/zwz/dictData/getByType/sex', 'admin', 2, 'DICT_DATA-01', 'PC端 | Chrome 115.0.0.0 | Windows Windows 10 or Windows Server 2016'),
	('1685485011110858752', NULL, '2023-07-30 10:58:36.156000', 0, NULL, '2023-07-30 10:58:36.156000', 71, '127.0.0.1', '本地测试', '查询用户', '{"nickname":"","departmentId":"","pageNumber":"1","pageSize":"20","sort":"createTime","order":"desc"}', 'GET', '/zwz/user/getUserList', 'admin', 2, 'USER-07', 'PC端 | Chrome 115.0.0.0 | Windows Windows 10 or Windows Server 2016'),
	('1685485011131830272', NULL, '2023-07-30 10:58:36.175000', 0, NULL, '2023-07-30 10:58:36.175000', 93, '127.0.0.1', '本地测试', '查询子部门', '{}', 'GET', '/zwz/department/getByParentId', 'admin', 2, 'DEP-01', 'PC端 | Chrome 115.0.0.0 | Windows Windows 10 or Windows Server 2016'),
	('1685485011509317632', NULL, '2023-07-30 10:58:36.224000', 0, NULL, '2023-07-30 10:58:36.224000', 33, '127.0.0.1', '本地测试', '查询子部门', '{}', 'GET', '/zwz/department/getByParentId', 'admin', 2, 'DEP-01', 'PC端 | Chrome 115.0.0.0 | Windows Windows 10 or Windows Server 2016'),
	('1685485082934120448', NULL, '2023-07-30 10:58:53.324000', 0, NULL, '2023-07-30 10:58:53.324000', 111, '127.0.0.1', '本地测试', '管理员修改资料', '{"id":"1464764315201572865","updateBy":"admin","updateTime":"2022-05-21 09:11:48","createBy":"","createTime":"2022-03-20 09:46:20","delFlag":"0","nickname":"用户服务","username":"13600000001","password":"","passStrength":"弱","mobile":"13600000001","departmentId":"1464487288363945985","departmentTitle":"部门A","email":"13600000001@qq.com","sex":"女","address":"[\\"110000\\",\\"110100\\",\\"110105\\"]","type":"0","myDoor":"","status":"0","avatar":"https://asoa-1305425069.cos.ap-shanghai.myqcloud.com/1669635627773202432.png","defaultRole":"","_index":"2","_rowKey":"117","addressArray":"110000,110100,110105","roleIds":"1536606659751841795"}', 'POST', '/zwz/user/admin/edit', 'admin', 2, 'USER-11', 'PC端 | Chrome 115.0.0.0 | Windows Windows 10 or Windows Server 2016'),
	('1685485083953336320', NULL, '2023-07-30 10:58:53.509000', 0, NULL, '2023-07-30 10:58:53.509000', 48, '127.0.0.1', '本地测试', '查询用户', '{"nickname":"","departmentId":"","pageNumber":"1","pageSize":"20","sort":"createTime","order":"desc"}', 'GET', '/zwz/user/getUserList', 'admin', 2, 'USER-07', 'PC端 | Chrome 115.0.0.0 | Windows Windows 10 or Windows Server 2016'),
	('1685485137762062336', NULL, '2023-07-30 10:59:06.366000', 0, NULL, '2023-07-30 10:59:06.366000', 75, '127.0.0.1', '本地测试', '管理员修改资料', '{"id":"1464772465946398721","updateBy":"admin","updateTime":"2022-05-21 09:53:33","createBy":"","createTime":"2022-03-20 09:46:20","delFlag":"0","nickname":"分公司技术员","username":"13600000002","password":"","passStrength":"弱","mobile":"13600000002","departmentId":"1464487288363945985","departmentTitle":"部门A","email":"13600000002@qq.com","sex":"女","address":"[\\"110000\\",\\"110100\\",\\"110105\\"]","type":"0","myDoor":"","status":"0","avatar":"https://asoa-1305425069.cos.ap-shanghai.myqcloud.com/1669635627773202432.png","defaultRole":"","_index":"3","_rowKey":"122","addressArray":"110000,110100,110105","roleIds":"1624586287929495552"}', 'POST', '/zwz/user/admin/edit', 'admin', 2, 'USER-11', 'PC端 | Chrome 115.0.0.0 | Windows Windows 10 or Windows Server 2016'),
	('1685485139498504193', NULL, '2023-07-30 10:59:06.750000', 0, NULL, '2023-07-30 10:59:06.750000', 43, '127.0.0.1', '本地测试', '查询用户', '{"nickname":"","departmentId":"","pageNumber":"1","pageSize":"20","sort":"createTime","order":"desc"}', 'GET', '/zwz/user/getUserList', 'admin', 2, 'USER-07', 'PC端 | Chrome 115.0.0.0 | Windows Windows 10 or Windows Server 2016'),
	('1685485199401553920', NULL, '2023-07-30 10:59:21.085000', 0, NULL, '2023-07-30 10:59:21.085000', 98, '127.0.0.1', '本地测试', '管理员修改资料', '{"id":"1527830053524738048","updateBy":"","updateTime":"","createBy":"admin","createTime":"2022-05-21 09:54:05","delFlag":"0","nickname":"分公司材料员","username":"13600000003","password":"","passStrength":"弱","mobile":"13600000003","departmentId":"1464487288363945985","departmentTitle":"部门A","email":"13600000003@qq.com","sex":"男","address":"[\\"110000\\",\\"110100\\",\\"110106\\"]","type":"0","myDoor":"","status":"0","avatar":"https://asoa-1305425069.cos.ap-shanghai.myqcloud.com/1669635627773202432.png","defaultRole":"","_index":"0","_rowKey":"123","addressArray":"110000,110100,110106","roleIds":"1624586441982087168"}', 'POST', '/zwz/user/admin/edit', 'admin', 2, 'USER-11', 'PC端 | Chrome 115.0.0.0 | Windows Windows 10 or Windows Server 2016'),
	('1685485201251241984', NULL, '2023-07-30 10:59:21.479000', 0, NULL, '2023-07-30 10:59:21.479000', 55, '127.0.0.1', '本地测试', '查询用户', '{"nickname":"","departmentId":"","pageNumber":"1","pageSize":"20","sort":"createTime","order":"desc"}', 'GET', '/zwz/user/getUserList', 'admin', 2, 'USER-07', 'PC端 | Chrome 115.0.0.0 | Windows Windows 10 or Windows Server 2016'),
	('1685485313520177152', NULL, '2023-07-30 10:59:48.289000', 0, NULL, '2023-07-30 10:59:48.289000', 164, '127.0.0.1', '本地测试', '添加用户', '{"type":"0","sex":"男","addressArray":"","roleIds":"1624586484180979712","nickname":"安全质量员","mobile":"13600000004","departmentId":"1464487288363945985","email":"13600000004@qq.com","password":"","passStrength":"弱","username":"13600000004"}', 'POST', '/zwz/user/admin/add', 'admin', 2, 'USER-12', 'PC端 | Chrome 115.0.0.0 | Windows Windows 10 or Windows Server 2016'),
	('1685485315348893697', NULL, '2023-07-30 10:59:48.682000', 0, NULL, '2023-07-30 10:59:48.682000', 50, '127.0.0.1', '本地测试', '查询用户', '{"nickname":"","departmentId":"","pageNumber":"1","pageSize":"20","sort":"createTime","order":"desc"}', 'GET', '/zwz/user/getUserList', 'admin', 2, 'USER-07', 'PC端 | Chrome 115.0.0.0 | Windows Windows 10 or Windows Server 2016'),
	('1685485431908601856', NULL, '2023-07-30 11:00:16.521000', 0, NULL, '2023-07-30 11:00:16.521000', 171, '127.0.0.1', '本地测试', '添加用户', '{"type":"0","sex":"男","addressArray":"","roleIds":"1624586527529111552","passStrength":"弱","mobile":"13600000005","username":"13600000005","password":"","email":"13600000005@qq.com","departmentId":"1464487288363945985","nickname":"技术设备员"}', 'POST', '/zwz/user/admin/add', 'admin', 2, 'USER-12', 'PC端 | Chrome 115.0.0.0 | Windows Windows 10 or Windows Server 2016'),
	('1685485433808621568', NULL, '2023-07-30 11:00:16.925000', 0, NULL, '2023-07-30 11:00:16.925000', 51, '127.0.0.1', '本地测试', '查询用户', '{"nickname":"","departmentId":"","pageNumber":"1","pageSize":"20","sort":"createTime","order":"desc"}', 'GET', '/zwz/user/getUserList', 'admin', 2, 'USER-07', 'PC端 | Chrome 115.0.0.0 | Windows Windows 10 or Windows Server 2016'),
	('1685485549168758784', NULL, '2023-07-30 11:00:44.458000', 0, NULL, '2023-07-30 11:00:44.458000', 150, '127.0.0.1', '本地测试', '添加用户', '{"type":"0","sex":"男","addressArray":"","roleIds":"1624586564212494336","passStrength":"弱","nickname":"经营计划员","mobile":"13600000006","username":"13600000006","password":"","email":"13600000006@qq.com","departmentId":"1464487288363945985"}', 'POST', '/zwz/user/admin/add', 'admin', 2, 'USER-12', 'PC端 | Chrome 115.0.0.0 | Windows Windows 10 or Windows Server 2016'),
	('1685485550989086720', NULL, '2023-07-30 11:00:44.855000', 0, NULL, '2023-07-30 11:00:44.855000', 56, '127.0.0.1', '本地测试', '查询用户', '{"nickname":"","departmentId":"","pageNumber":"1","pageSize":"20","sort":"createTime","order":"desc"}', 'GET', '/zwz/user/getUserList', 'admin', 2, 'USER-07', 'PC端 | Chrome 115.0.0.0 | Windows Windows 10 or Windows Server 2016'),
	('1685485672003145728', NULL, '2023-07-30 11:01:13.738000', 0, NULL, '2023-07-30 11:01:13.738000', 142, '127.0.0.1', '本地测试', '添加用户', '{"type":"0","sex":"女","addressArray":"","roleIds":"1624586598433820672","passStrength":"弱","mobile":"13600000007","username":"13600000007","email":"13600000007@qq.com","password":"","nickname":"财务人员","departmentId":"1464487288363945985"}', 'POST', '/zwz/user/admin/add', 'admin', 2, 'USER-12', 'PC端 | Chrome 115.0.0.0 | Windows Windows 10 or Windows Server 2016'),
	('1685485673718616064', NULL, '2023-07-30 11:01:14.117000', 0, NULL, '2023-07-30 11:01:14.117000', 45, '127.0.0.1', '本地测试', '查询用户', '{"nickname":"","departmentId":"","pageNumber":"1","pageSize":"20","sort":"createTime","order":"desc"}', 'GET', '/zwz/user/getUserList', 'admin', 2, 'USER-07', 'PC端 | Chrome 115.0.0.0 | Windows Windows 10 or Windows Server 2016'),
	('1685485762780467200', NULL, '2023-07-30 11:01:35.388000', 0, NULL, '2023-07-30 11:01:35.388000', 160, '127.0.0.1', '本地测试', '添加用户', '{"type":"0","sex":"男","addressArray":"","roleIds":"1624586663596527616","passStrength":"弱","mobile":"13600000008","username":"13600000008","password":"","email":"13600000008@qq.com","nickname":"查询者","departmentId":"1464487288363945985"}', 'POST', '/zwz/user/admin/add', 'admin', 2, 'USER-12', 'PC端 | Chrome 115.0.0.0 | Windows Windows 10 or Windows Server 2016'),
	('1685485764554657792', NULL, '2023-07-30 11:01:35.766000', 0, NULL, '2023-07-30 11:01:35.766000', 39, '127.0.0.1', '本地测试', '查询用户', '{"nickname":"","departmentId":"","pageNumber":"1","pageSize":"20","sort":"createTime","order":"desc"}', 'GET', '/zwz/user/getUserList', 'admin', 2, 'USER-07', 'PC端 | Chrome 115.0.0.0 | Windows Windows 10 or Windows Server 2016'),
	('1685485821513306115', NULL, '2023-07-30 11:01:49.375000', 0, NULL, '2023-07-30 11:01:49.375000', 59, '127.0.0.1', '本地测试', '查询子部门', '{}', 'GET', '/zwz/department/getByParentId', 'admin', 2, 'DEP-01', 'PC端 | Chrome 115.0.0.0 | Windows Windows 10 or Windows Server 2016'),
	('1685485822335389696', NULL, '2023-07-30 11:01:49.536000', 0, NULL, '2023-07-30 11:01:49.536000', 25, '127.0.0.1', '本地测试', '查询单个数据字典的值', '{}', 'GET', '/zwz/dictData/getByType/sex', 'admin', 2, 'DICT_DATA-01', 'PC端 | Chrome 115.0.0.0 | Windows Windows 10 or Windows Server 2016'),
	('1685485822847094785', NULL, '2023-07-30 11:01:49.659000', 0, NULL, '2023-07-30 11:01:49.659000', 23, '127.0.0.1', '本地测试', '查询全部角色', '{}', 'GET', '/zwz/role/getAllList', 'admin', 2, 'ROLE-01', 'PC端 | Chrome 115.0.0.0 | Windows Windows 10 or Windows Server 2016'),
	('1685485822855483395', NULL, '2023-07-30 11:01:49.696000', 0, NULL, '2023-07-30 11:01:49.696000', 61, '127.0.0.1', '本地测试', '查询子部门', '{}', 'GET', '/zwz/department/getByParentId', 'admin', 2, 'DEP-01', 'PC端 | Chrome 115.0.0.0 | Windows Windows 10 or Windows Server 2016'),
	('1685485822914203649', NULL, '2023-07-30 11:01:49.723000', 0, NULL, '2023-07-30 11:01:49.723000', 86, '127.0.0.1', '本地测试', '查询用户', '{"nickname":"","departmentId":"","pageNumber":"1","pageSize":"20","sort":"createTime","order":"desc"}', 'GET', '/zwz/user/getUserList', 'admin', 2, 'USER-07', 'PC端 | Chrome 115.0.0.0 | Windows Windows 10 or Windows Server 2016'),
	('1685485841574662145', NULL, '2023-07-30 11:01:54.140000', 0, NULL, '2023-07-30 11:01:54.140000', 64, '127.0.0.1', '本地测试', '查询角色', '{"pageNumber":"1","pageSize":"15","sort":"createTime","order":"desc"}', 'GET', '/zwz/role/getAllByPage', 'admin', 2, 'ROLE-02', 'PC端 | Chrome 115.0.0.0 | Windows Windows 10 or Windows Server 2016'),
	('1685485868783112192', NULL, '2023-07-30 11:02:00.648000', 0, NULL, '2023-07-30 11:02:00.648000', 65, '127.0.0.1', '本地测试', '修改菜单权限', '{"roleId":"1536606659751841799","permIds":"125909152017944576,1464484663442673664,5129710648430593,1663723467998105600,1663723511849553920,1663723538621796352,40238597734928384,1663724125664972800,1663724149731889152,1663724174398590976,5129710648430594,1663724230593875968,1663724255319298048,1663724279579152384,1663724334755221504,5129710648430595,1663724386382909440,1663724413914320896,1663724441433149440,56309618086776832,1663724628767543296,1663724665174102016,1663726175089987584,41363147411427328,1530689602321518592,1663724779984785408,1663724805096083456,1663724828114423808,1624585360052981760,1624586079917182976,1624612711029673984,1624604152837574656,1624604373428604928,1624644356495511552,1624604206222675968,1624644670149758976,1624649875155193856,1624649951734796288,1624659830486732800,1624659942197825536,1624668163968995328,1624668689389457408,1624668912388018176,1624669064733528064,1536599942410407936,1536600125332393984,1536600268379131904,1536604417711804416,1536606273959759872,1536606372668510208,1536606464712511488,1536606550951596032,1536606637815631872,1536875505901506560"}', 'POST', '/zwz/role/editRolePerm', 'admin', 2, 'ROLE-04', 'PC端 | Chrome 115.0.0.0 | Windows Windows 10 or Windows Server 2016'),
	('1685485870033014784', NULL, '2023-07-30 11:02:00.909000', 0, NULL, '2023-07-30 11:02:00.909000', 59, '127.0.0.1', '本地测试', '查询菜单', '{}', 'GET', '/zwz/permission/getMenuList', 'admin', 2, 'PERMISSION-02', 'PC端 | Chrome 115.0.0.0 | Windows Windows 10 or Windows Server 2016'),
	('1685485870469222409', NULL, '2023-07-30 11:02:01.015000', 0, NULL, '2023-07-30 11:02:01.015000', 39, '127.0.0.1', '本地测试', '查询角色', '{"pageNumber":"1","pageSize":"15","sort":"createTime","order":"desc"}', 'GET', '/zwz/role/getAllByPage', 'admin', 2, 'ROLE-02', 'PC端 | Chrome 115.0.0.0 | Windows Windows 10 or Windows Server 2016'),
	('1685485881764483072', NULL, '2023-07-30 11:02:03.705000', 0, NULL, '2023-07-30 11:02:03.705000', 30, '127.0.0.1', '本地测试', '查询个人门户菜单B', '{}', 'POST', '/zwz/myDoor/getMyDoorList6', 'admin', 2, 'MY-DOOR-02', 'PC端 | Chrome 115.0.0.0 | Windows Windows 10 or Windows Server 2016'),
	('1685486243858747392', NULL, '2023-07-30 11:03:30.085000', 0, NULL, '2023-07-30 11:03:30.085000', 71, '127.0.0.1', '本地测试', '登录系统', '{"username":"admin","password":"","code":"6422","captchaId":"c9363179378242f49241dbb009632a31","saveLogin":"true"}', 'POST', '/zwz/login', 'admin', 1, '', 'PC端 | Chrome 115.0.0.0 | Windows Windows 10 or Windows Server 2016'),
	('1685486245238673408', NULL, '2023-07-30 11:03:30.381000', 0, NULL, '2023-07-30 11:03:30.381000', 45, '127.0.0.1', '本地测试', '获取当前登录用户', '{}', 'GET', '/zwz/user/info', 'admin', 2, 'USER-02', 'PC端 | Chrome 115.0.0.0 | Windows Windows 10 or Windows Server 2016'),
	('1685486246295638016', NULL, '2023-07-30 11:03:30.637000', 0, NULL, '2023-07-30 11:03:30.637000', 44, '127.0.0.1', '本地测试', '查询菜单', '{}', 'GET', '/zwz/permission/getMenuList', 'admin', 2, 'PERMISSION-02', 'PC端 | Chrome 115.0.0.0 | Windows Windows 10 or Windows Server 2016'),
	('1685486253946048512', NULL, '2023-07-30 11:03:32.457000', 0, NULL, '2023-07-30 11:03:32.457000', 40, '127.0.0.1', '本地测试', '查询菜单', '{}', 'GET', '/zwz/permission/getMenuList', 'admin', 2, 'PERMISSION-02', 'PC端 | Chrome 115.0.0.0 | Windows Windows 10 or Windows Server 2016'),
	('1685486254868795392', NULL, '2023-07-30 11:03:32.674000', 0, NULL, '2023-07-30 11:03:32.674000', 46, '127.0.0.1', '本地测试', '查询个人门户菜单B', '{}', 'POST', '/zwz/myDoor/getMyDoorList6', 'admin', 2, 'MY-DOOR-02', 'PC端 | Chrome 115.0.0.0 | Windows Windows 10 or Windows Server 2016'),
	('1685486271528570880', NULL, '2023-07-30 11:03:36.644000', 0, NULL, '2023-07-30 11:03:36.644000', 35, '127.0.0.1', '本地测试', '查询单个数据字典的值', '{}', 'GET', '/zwz/dictData/getByType/constructionUnit', 'admin', 2, 'DICT_DATA-01', 'PC端 | Chrome 115.0.0.0 | Windows Windows 10 or Windows Server 2016'),
	('1685486271545348096', NULL, '2023-07-30 11:03:36.694000', 0, NULL, '2023-07-30 11:03:36.694000', 80, '127.0.0.1', '本地测试', '查询单个数据字典的值', '{}', 'GET', '/zwz/dictData/getByType/projextType1', 'admin', 2, 'DICT_DATA-01', 'PC端 | Chrome 115.0.0.0 | Windows Windows 10 or Windows Server 2016'),
	('1685486271545348097', NULL, '2023-07-30 11:03:36.681000', 0, NULL, '2023-07-30 11:03:36.681000', 67, '127.0.0.1', '本地测试', '查询单个数据字典的值', '{}', 'GET', '/zwz/dictData/getByType/projextType2A', 'admin', 2, 'DICT_DATA-01', 'PC端 | Chrome 115.0.0.0 | Windows Windows 10 or Windows Server 2016'),
	('1685486271545348098', NULL, '2023-07-30 11:03:36.684000', 0, NULL, '2023-07-30 11:03:36.684000', 69, '127.0.0.1', '本地测试', '查询单个数据字典的值', '{}', 'GET', '/zwz/dictData/getByType/projextType2B', 'admin', 2, 'DICT_DATA-01', 'PC端 | Chrome 115.0.0.0 | Windows Windows 10 or Windows Server 2016'),
	('1685486272820416512', NULL, '2023-07-30 11:03:36.958000', 0, NULL, '2023-07-30 11:03:36.958000', 40, '127.0.0.1', '本地测试', '查询单个数据字典的值', '{}', 'GET', '/zwz/dictData/getByType/projectStar', 'admin', 2, 'DICT_DATA-01', 'PC端 | Chrome 115.0.0.0 | Windows Windows 10 or Windows Server 2016'),
	('1685486272820416513', NULL, '2023-07-30 11:03:36.955000', 0, NULL, '2023-07-30 11:03:36.955000', 38, '127.0.0.1', '本地测试', '查询单个数据字典的值', '{}', 'GET', '/zwz/dictData/getByType/projextType', 'admin', 2, 'DICT_DATA-01', 'PC端 | Chrome 115.0.0.0 | Windows Windows 10 or Windows Server 2016'),
	('1685486273030131712', NULL, '2023-07-30 11:03:37.008000', 0, NULL, '2023-07-30 11:03:37.008000', 39, '127.0.0.1', '本地测试', '查询单个数据字典的值', '{}', 'GET', '/zwz/dictData/getByType/projectStatus', 'admin', 2, 'DICT_DATA-01', 'PC端 | Chrome 115.0.0.0 | Windows Windows 10 or Windows Server 2016'),
	('1685486273155960832', NULL, '2023-07-30 11:03:37.031000', 0, NULL, '2023-07-30 11:03:37.031000', 33, '127.0.0.1', '本地测试', '查询单个数据字典的值', '{}', 'GET', '/zwz/dictData/getByType/zhongFlag', 'admin', 2, 'DICT_DATA-01', 'PC端 | Chrome 115.0.0.0 | Windows Windows 10 or Windows Server 2016'),
	('1685486514110337024', NULL, '2023-07-30 11:04:34.551000', 0, NULL, '2023-07-30 11:04:34.551000', 108, '127.0.0.1', '本地测试', '查询菜单', '{}', 'GET', '/zwz/permission/getMenuList', 'admin', 2, 'PERMISSION-02', 'PC端 | Chrome 115.0.0.0 | Windows Windows 10 or Windows Server 2016'),
	('1685487216769503245', NULL, '2023-07-30 11:07:22.052000', 0, NULL, '2023-07-30 11:07:22.052000', 80, '127.0.0.1', '本地测试', '查询单个数据字典的值', '{}', 'GET', '/zwz/dictData/getByType/constructionUnit', 'admin', 2, 'DICT_DATA-01', 'PC端 | Chrome 115.0.0.0 | Windows Windows 10 or Windows Server 2016'),
	('1685487216769503246', NULL, '2023-07-30 11:07:22.059000', 0, NULL, '2023-07-30 11:07:22.059000', 87, '127.0.0.1', '本地测试', '查询单个数据字典的值', '{}', 'GET', '/zwz/dictData/getByType/projextType2A', 'admin', 2, 'DICT_DATA-01', 'PC端 | Chrome 115.0.0.0 | Windows Windows 10 or Windows Server 2016'),
	('1685487216769503247', NULL, '2023-07-30 11:07:22.064000', 0, NULL, '2023-07-30 11:07:22.064000', 94, '127.0.0.1', '本地测试', '查询单个数据字典的值', '{}', 'GET', '/zwz/dictData/getByType/projextType', 'admin', 2, 'DICT_DATA-01', 'PC端 | Chrome 115.0.0.0 | Windows Windows 10 or Windows Server 2016'),
	('1685487216769503248', NULL, '2023-07-30 11:07:22.056000', 0, NULL, '2023-07-30 11:07:22.056000', 84, '127.0.0.1', '本地测试', '查询单个数据字典的值', '{}', 'GET', '/zwz/dictData/getByType/projextType2B', 'admin', 2, 'DICT_DATA-01', 'PC端 | Chrome 115.0.0.0 | Windows Windows 10 or Windows Server 2016'),
	('1685487216769503249', NULL, '2023-07-30 11:07:22.056000', 0, NULL, '2023-07-30 11:07:22.056000', 84, '127.0.0.1', '本地测试', '查询单个数据字典的值', '{}', 'GET', '/zwz/dictData/getByType/projectStar', 'admin', 2, 'DICT_DATA-01', 'PC端 | Chrome 115.0.0.0 | Windows Windows 10 or Windows Server 2016'),
	('1685487216803057664', NULL, '2023-07-30 11:07:22.064000', 0, NULL, '2023-07-30 11:07:22.064000', 84, '127.0.0.1', '本地测试', '查询单个数据字典的值', '{}', 'GET', '/zwz/dictData/getByType/projextType1', 'admin', 2, 'DICT_DATA-01', 'PC端 | Chrome 115.0.0.0 | Windows Windows 10 or Windows Server 2016'),
	('1685487218455613443', NULL, '2023-07-30 11:07:22.420000', 0, NULL, '2023-07-30 11:07:22.420000', 47, '127.0.0.1', '本地测试', '查询单个数据字典的值', '{}', 'GET', '/zwz/dictData/getByType/projectStatus', 'admin', 2, 'DICT_DATA-01', 'PC端 | Chrome 115.0.0.0 | Windows Windows 10 or Windows Server 2016'),
	('1685487218455613444', NULL, '2023-07-30 11:07:22.420000', 0, NULL, '2023-07-30 11:07:22.420000', 46, '127.0.0.1', '本地测试', '查询单个数据字典的值', '{}', 'GET', '/zwz/dictData/getByType/zhongFlag', 'admin', 2, 'DICT_DATA-01', 'PC端 | Chrome 115.0.0.0 | Windows Windows 10 or Windows Server 2016'),
	('1685487232011603976', NULL, '2023-07-30 11:07:25.649000', 0, NULL, '2023-07-30 11:07:25.649000', 48, '127.0.0.1', '本地测试', '查询单个数据字典的值', '{}', 'GET', '/zwz/dictData/getByType/projextType2A', 'admin', 2, 'DICT_DATA-01', 'PC端 | Chrome 115.0.0.0 | Windows Windows 10 or Windows Server 2016'),
	('1685487232011603977', NULL, '2023-07-30 11:07:25.646000', 0, NULL, '2023-07-30 11:07:25.646000', 46, '127.0.0.1', '本地测试', '查询单个数据字典的值', '{}', 'GET', '/zwz/dictData/getByType/constructionUnit', 'admin', 2, 'DICT_DATA-01', 'PC端 | Chrome 115.0.0.0 | Windows Windows 10 or Windows Server 2016'),
	('1685487232011603978', NULL, '2023-07-30 11:07:25.651000', 0, NULL, '2023-07-30 11:07:25.651000', 47, '127.0.0.1', '本地测试', '查询单个数据字典的值', '{}', 'GET', '/zwz/dictData/getByType/projextType2B', 'admin', 2, 'DICT_DATA-01', 'PC端 | Chrome 115.0.0.0 | Windows Windows 10 or Windows Server 2016'),
	('1685487232011603979', NULL, '2023-07-30 11:07:25.640000', 0, NULL, '2023-07-30 11:07:25.640000', 40, '127.0.0.1', '本地测试', '查询单个数据字典的值', '{}', 'GET', '/zwz/dictData/getByType/projextType', 'admin', 2, 'DICT_DATA-01', 'PC端 | Chrome 115.0.0.0 | Windows Windows 10 or Windows Server 2016'),
	('1685487232011603980', NULL, '2023-07-30 11:07:25.648000', 0, NULL, '2023-07-30 11:07:25.648000', 48, '127.0.0.1', '本地测试', '查询单个数据字典的值', '{}', 'GET', '/zwz/dictData/getByType/projextType1', 'admin', 2, 'DICT_DATA-01', 'PC端 | Chrome 115.0.0.0 | Windows Windows 10 or Windows Server 2016'),
	('1685487232011603981', NULL, '2023-07-30 11:07:25.688000', 0, NULL, '2023-07-30 11:07:25.688000', 88, '127.0.0.1', '本地测试', '查询单个数据字典的值', '{}', 'GET', '/zwz/dictData/getByType/projectStar', 'admin', 2, 'DICT_DATA-01', 'PC端 | Chrome 115.0.0.0 | Windows Windows 10 or Windows Server 2016'),
	('1685487233492193280', NULL, '2023-07-30 11:07:26.008000', 0, NULL, '2023-07-30 11:07:26.008000', 41, '127.0.0.1', '本地测试', '查询单个数据字典的值', '{}', 'GET', '/zwz/dictData/getByType/zhongFlag', 'admin', 2, 'DICT_DATA-01', 'PC端 | Chrome 115.0.0.0 | Windows Windows 10 or Windows Server 2016'),
	('1685487233492193281', NULL, '2023-07-30 11:07:26.009000', 0, NULL, '2023-07-30 11:07:26.009000', 41, '127.0.0.1', '本地测试', '查询单个数据字典的值', '{}', 'GET', '/zwz/dictData/getByType/projectStatus', 'admin', 2, 'DICT_DATA-01', 'PC端 | Chrome 115.0.0.0 | Windows Windows 10 or Windows Server 2016');

DROP TABLE IF EXISTS `a_material_science`;
CREATE TABLE IF NOT EXISTS `a_material_science` (
  `id` varchar(255) COLLATE utf8mb3_croatian_ci NOT NULL,
  `create_by` varchar(255) COLLATE utf8mb3_croatian_ci DEFAULT NULL,
  `create_time` datetime(6) DEFAULT NULL,
  `del_flag` int NOT NULL,
  `update_by` varchar(255) COLLATE utf8mb3_croatian_ci DEFAULT NULL,
  `update_time` datetime(6) DEFAULT NULL,
  `modal` varchar(255) COLLATE utf8mb3_croatian_ci DEFAULT NULL,
  `money` decimal(38,2) DEFAULT NULL,
  `remark` varchar(255) COLLATE utf8mb3_croatian_ci DEFAULT NULL,
  `title` varchar(255) COLLATE utf8mb3_croatian_ci DEFAULT NULL,
  `type` varchar(255) COLLATE utf8mb3_croatian_ci DEFAULT NULL,
  `unit` varchar(255) COLLATE utf8mb3_croatian_ci DEFAULT NULL,
  PRIMARY KEY (`id`)
) ENGINE=InnoDB DEFAULT CHARSET=utf8mb3 COLLATE=utf8mb3_croatian_ci;

DELETE FROM `a_material_science`;
INSERT INTO `a_material_science` (`id`, `create_by`, `create_time`, `del_flag`, `update_by`, `update_time`, `modal`, `money`, `remark`, `title`, `type`, `unit`) VALUES
	('1624614841069211648', 'admin', '2023-02-12 11:42:16.682000', 0, NULL, NULL, 'L', 50.00, '', '传送带', '中压', '个'),
	('1624614907905445888', 'admin', '2023-02-12 11:42:32.615000', 0, NULL, NULL, 'Q', 15.00, '', '水龙头', '居民', '个'),
	('1624614977027575808', 'admin', '2023-02-12 11:42:49.098000', 0, NULL, NULL, 'W', 1.50, '', '转接器', '居民', '个'),
	('1624615033084448768', 'admin', '2023-02-12 11:43:02.459000', 0, NULL, NULL, 'Y', 22.00, '', '公牛插座', '居民', '个'),
	('1624615097827725312', 'admin', '2023-02-12 11:43:17.893000', 0, NULL, NULL, 'J', 30.00, '', '变压器', '非居民', '个');

DROP TABLE IF EXISTS `a_material_science_order`;
CREATE TABLE IF NOT EXISTS `a_material_science_order` (
  `id` varchar(255) COLLATE utf8mb3_croatian_ci NOT NULL,
  `create_by` varchar(255) COLLATE utf8mb3_croatian_ci DEFAULT NULL,
  `create_time` datetime(6) DEFAULT NULL,
  `del_flag` int NOT NULL,
  `update_by` varchar(255) COLLATE utf8mb3_croatian_ci DEFAULT NULL,
  `update_time` datetime(6) DEFAULT NULL,
  `modal` varchar(255) COLLATE utf8mb3_croatian_ci DEFAULT NULL,
  `money` decimal(38,2) DEFAULT NULL,
  `number1` decimal(38,2) DEFAULT NULL,
  `number2` decimal(38,2) DEFAULT NULL,
  `project` varchar(255) COLLATE utf8mb3_croatian_ci DEFAULT NULL,
  `remark` varchar(255) COLLATE utf8mb3_croatian_ci DEFAULT NULL,
  `title` varchar(255) COLLATE utf8mb3_croatian_ci DEFAULT NULL,
  `unit` varchar(255) COLLATE utf8mb3_croatian_ci DEFAULT NULL,
  PRIMARY KEY (`id`)
) ENGINE=InnoDB DEFAULT CHARSET=utf8mb3 COLLATE=utf8mb3_croatian_ci;

DELETE FROM `a_material_science_order`;
INSERT INTO `a_material_science_order` (`id`, `create_by`, `create_time`, `del_flag`, `update_by`, `update_time`, `modal`, `money`, `number1`, `number2`, `project`, `remark`, `title`, `unit`) VALUES
	('1624643200339808256', 'admin', '2023-02-12 13:34:58.000000', 0, 'admin', '2023-02-12 13:36:04.428000', 'Q', 15.00, 21.00, 21.00, '测试工程B', '2', '水龙头', '个'),
	('1624681378153107456', 'user1', '2023-02-12 16:06:40.000000', 0, 'user1', '2023-02-12 16:06:48.683000', 'Q', 15.00, 25.00, 25.00, '测试工程B', 'ces111', '水龙头', '个');

DROP TABLE IF EXISTS `a_permission`;
CREATE TABLE IF NOT EXISTS `a_permission` (
  `id` varchar(255) NOT NULL,
  `create_by` varchar(255) DEFAULT NULL,
  `create_time` datetime(6) DEFAULT NULL,
  `del_flag` int NOT NULL,
  `update_by` varchar(255) DEFAULT NULL,
  `update_time` datetime(6) DEFAULT NULL,
  `description` varchar(255) DEFAULT NULL,
  `name` varchar(255) DEFAULT NULL,
  `parent_id` varchar(255) DEFAULT NULL,
  `type` int DEFAULT NULL,
  `sort_order` decimal(10,2) DEFAULT NULL,
  `component` varchar(255) DEFAULT NULL,
  `path` varchar(255) DEFAULT NULL,
  `title` varchar(255) DEFAULT NULL,
  `icon` varchar(255) DEFAULT NULL,
  `level` int unsigned DEFAULT NULL,
  `button_type` varchar(255) DEFAULT NULL,
  `status` int DEFAULT NULL,
  `show_always` bit(1) DEFAULT NULL,
  PRIMARY KEY (`id`)
) ENGINE=InnoDB DEFAULT CHARSET=utf8mb3;

DELETE FROM `a_permission`;
INSERT INTO `a_permission` (`id`, `create_by`, `create_time`, `del_flag`, `update_by`, `update_time`, `description`, `name`, `parent_id`, `type`, `sort_order`, `component`, `path`, `title`, `icon`, `level`, `button_type`, `status`, `show_always`) VALUES
	('125909152017944576', 'admin', '2022-03-20 09:46:20.000000', 0, 'admin', '2023-07-30 10:58:19.240000', '', 'zwz', '0', -1, 1.00, '', '', '天然气工程运维系统', 'md-home', 0, '', 0, b'1'),
	('1464484663442673664', 'admin', '2022-03-20 09:46:20.000000', 0, 'admin', '2022-03-20 09:46:20.000000', '', 'userTwoMenu', '125909152017944576', 0, 1.00, 'Main', '/baseMenu', '系统基础模块', 'md-analytics', 1, '', 0, b'1'),
	('1530689602321518592', 'admin', '2022-05-29 07:16:55.000000', 0, NULL, NULL, '', 'dict', '1464484663442673664', 0, 7.00, 'dict/dict/index', 'dict', '数据字典', 'ios-apps', 2, '', 0, b'1'),
	('1535166438371889152', 'admin', '2022-06-10 15:46:16.000000', 0, NULL, NULL, '', 'vue', '1464484663442673664', 0, 8.00, 'code/vue/index', 'vue', '测试菜单', 'md-bug', 2, '', 0, b'1'),
	('1536599942410407936', 'admin', '2022-06-14 14:42:30.000000', 0, NULL, NULL, '', 'demo', '0', -1, 2.00, '', '', '样例演示', 'md-bulb', 0, NULL, 0, NULL),
	('1536600125332393984', 'admin', '2022-06-14 14:43:13.000000', 0, 'admin', '2022-06-14 15:10:31.000000', '', 'tableDemo', '1536599942410407936', 0, 1.00, 'Main', '/tableDemo', '二次开发样例', 'ios-apps', 1, '', 0, NULL),
	('1536600268379131904', 'admin', '2022-06-14 14:43:47.000000', 0, NULL, NULL, '', 'demo1', '1536600125332393984', 0, 1.00, 'demo/demo1/index', 'demo1', '代码生成样例', 'md-finger-print', 2, '', 0, NULL),
	('1536604417711804416', 'admin', '2022-06-14 15:00:17.000000', 0, 'admin', '2022-06-14 15:31:57.000000', '', 'demo2', '1536600125332393984', 0, 2.00, 'demo/demo2/index', 'demo2', '复杂表格样例', 'md-archive', 2, '', 0, NULL),
	('1536606273959759872', 'admin', '2022-06-14 15:07:39.000000', 0, 'admin', '2022-06-14 15:10:23.000000', '', 'antv', '1536599942410407936', 0, 2.00, 'Main', '/antv', '图表展示', 'ios-pulse', 1, '', 0, NULL),
	('1536606372668510208', 'admin', '2022-06-14 15:08:03.000000', 0, NULL, NULL, '', 'antv1', '1536606273959759872', 0, 1.00, 'demo/antv1/index', 'antv1', '条形图', 'md-pricetags', 2, '', 0, NULL),
	('1536606464712511488', 'admin', '2022-06-14 15:08:25.000000', 0, NULL, NULL, '', 'antv2', '1536606273959759872', 0, 2.00, 'demo/antv2/index', 'antv2', '饼图', 'md-radio-button-off', 2, '', 0, NULL),
	('1536606550951596032', 'admin', '2022-06-14 15:08:45.000000', 0, NULL, NULL, '', 'antv3', '1536606273959759872', 0, 3.00, 'demo/antv3/index', 'antv3', '折线图', 'ios-nutrition', 2, '', 0, NULL),
	('1536606637815631872', 'admin', '2022-06-14 15:09:06.000000', 0, NULL, NULL, '', 'antv4', '1536606273959759872', 0, 4.00, 'demo/antv4/index', 'antv4', '柱状图', 'ios-phone-portrait', 2, '', 0, NULL),
	('1536875505901506560', 'admin', '2022-06-15 08:57:29.000000', 0, 'admin', '2022-06-15 09:01:01.000000', '', 'antvActive', '1536606273959759872', 0, 5.00, 'demo/antvActive/index', 'antvActive', '动态图表样例', 'ios-apps', 2, '', 0, NULL),
	('1624585360052981760', 'admin', '2023-02-12 09:45:08.000000', 0, 'admin', '2023-02-12 10:00:56.000000', '', 'projectMenu', '125909152017944576', 0, 2.00, 'Main', '/projectMenu', '用户服务部菜单', 'ios-apps', 1, '', 0, NULL),
	('1624586079917182976', 'admin', '2023-02-12 09:47:59.000000', 0, 'admin', '2023-02-12 10:02:07.000000', '', 'project', '1624585360052981760', 0, 1.00, 'gas/userService/project/index', 'project', '天然气项目', 'md-aperture', 2, '', 0, NULL),
	('1624604152837574656', 'admin', '2023-02-12 10:59:48.000000', 0, NULL, NULL, NULL, 'sonMenu1', '125909152017944576', 0, 3.00, 'Main', '/sonMenu1', '分公司技术菜单', 'ios-apps', 1, '', 0, NULL),
	('1624604206222675968', 'admin', '2023-02-12 11:00:01.000000', 0, NULL, NULL, NULL, 'sonMenu2', '125909152017944576', 0, 4.00, 'Main', '/sonMenu2', '分公司材料菜单', 'ios-apps', 1, '', 0, NULL),
	('1624604373428604928', 'admin', '2023-02-12 11:00:41.000000', 0, NULL, NULL, NULL, 'project2', '1624604152837574656', 0, 1.00, 'gas/jiShu/project/index', 'project2', '天然气项目', 'md-aperture', 2, '', 0, NULL),
	('1624612711029673984', 'admin', '2023-02-12 11:33:49.000000', 0, NULL, NULL, NULL, 'materialScience', '1624585360052981760', 0, 2.00, 'gas/userService/materialScience/index', 'materialScience', '使用材料', 'md-aperture', 2, '', 0, NULL),
	('1624644356495511552', 'admin', '2023-02-12 13:39:34.000000', 0, NULL, NULL, NULL, 'materialScienceOrder', '1624604152837574656', 0, 2.00, 'gas/jiShu/materialScienceOrder/index', 'materialScienceOrder', '材料领用单', 'md-aperture', 2, '', 0, NULL),
	('1624644670149758976', 'admin', '2023-02-12 13:40:49.000000', 0, NULL, NULL, NULL, 'project3', '1624604206222675968', 0, 1.00, 'gas/caiLiao/project/index', 'project3', '天然气项目', 'md-aperture', 2, '', 0, NULL),
	('1624649875155193856', 'admin', '2023-02-12 14:01:29.000000', 0, NULL, NULL, NULL, 'safeMenu', '125909152017944576', 0, 5.00, 'Main', '/safeMenu', '安全质量部菜单', 'ios-apps', 1, '', 0, NULL),
	('1624649951734796288', 'admin', '2023-02-12 14:01:48.000000', 0, NULL, NULL, NULL, 'project5', '1624649875155193856', 0, 1.00, 'gas/safe/project/index', 'project5', '天然气项目', 'md-aperture', 2, '', 0, NULL),
	('1624659830486732800', 'admin', '2023-02-12 14:41:03.000000', 0, NULL, NULL, NULL, 'jiShuDevMenu', '125909152017944576', 0, 6.00, 'Main', '/jiShuDevMenu', '技术设备部', 'ios-apps', 1, '', 0, NULL),
	('1624659942197825536', 'admin', '2023-02-12 14:41:30.000000', 0, NULL, NULL, NULL, 'project6', '1624659830486732800', 0, 1.00, 'gas/jiShuDev/project/index', 'project6', '天然气项目', 'md-aperture', 2, '', 0, NULL),
	('1624668163968995328', 'admin', '2023-02-12 15:14:10.000000', 0, NULL, NULL, NULL, 'jiHuaMenu', '125909152017944576', 0, 7.00, 'Main', '/jiHuaMenu', '经营计划部菜单', 'ios-apps', 1, '', 0, NULL),
	('1624668689389457408', 'admin', '2023-02-12 15:16:15.000000', 0, NULL, NULL, NULL, 'project7', '1624668163968995328', 0, 1.00, 'gas/jiHua/project/index', 'project7', '天然气项目', 'md-aperture', 2, '', 0, NULL),
	('1624668912388018176', 'admin', '2023-02-12 15:17:08.000000', 0, NULL, NULL, NULL, 'caiWuMenu', '125909152017944576', 0, 8.00, 'Main', '/caiWuMenu', '财务部菜单', 'ios-apps', 1, '', 0, NULL),
	('1624669064733528064', 'admin', '2023-02-12 15:17:45.000000', 0, NULL, NULL, NULL, 'project9', '1624668912388018176', 0, 1.00, 'gas/caiWu/project/index', 'project9', '天然气项目', 'md-aperture', 2, '', 0, NULL),
	('1663723467998105600', 'admin', '2023-05-31 09:45:59.918000', 0, NULL, NULL, NULL, '', '5129710648430593', 1, 1.00, '', '无', '添加用户', '', 3, 'add', 0, NULL),
	('1663723511849553920', 'admin', '2023-05-31 09:46:10.372000', 0, NULL, NULL, NULL, '', '5129710648430593', 1, 2.00, '', '无', '编辑用户', '', 3, 'edit', 0, NULL),
	('1663723538621796352', 'admin', '2023-05-31 09:46:16.757000', 0, NULL, NULL, NULL, '', '5129710648430593', 1, 3.00, '', '无', '删除用户', '', 3, 'delete', 0, NULL),
	('1663724125664972800', 'admin', '2023-05-31 09:48:36.000000', 0, 'admin', '2023-07-30 10:54:07.993000', '', '', '40238597734928384', 1, 1.00, '', '无', '添加分公司', '', 3, 'add', 0, NULL),
	('1663724149731889152', 'admin', '2023-05-31 09:48:42.000000', 0, 'admin', '2023-07-30 10:54:10.975000', '', '', '40238597734928384', 1, 2.00, '', '无', '编辑分公司', '', 3, 'edit', 0, NULL),
	('1663724174398590976', 'admin', '2023-05-31 09:48:48.000000', 0, 'admin', '2023-07-30 10:54:13.675000', '', '', '40238597734928384', 1, 3.00, '', '无', '删除分公司', '', 3, 'delete', 0, NULL),
	('1663724230593875968', 'admin', '2023-05-31 09:49:01.733000', 0, NULL, NULL, NULL, '', '5129710648430594', 1, 1.00, '', '无', '添加角色', '', 3, 'add', 0, NULL),
	('1663724255319298048', 'admin', '2023-05-31 09:49:07.632000', 0, NULL, NULL, NULL, '', '5129710648430594', 1, 2.00, '', '无', '编辑角色', '', 3, 'edit', 0, NULL),
	('1663724279579152384', 'admin', '2023-05-31 09:49:13.414000', 0, NULL, NULL, NULL, '', '5129710648430594', 1, 3.00, '', '无', '删除角色', '', 3, 'delete', 0, NULL),
	('1663724334755221504', 'admin', '2023-05-31 09:49:26.569000', 0, NULL, NULL, NULL, '', '5129710648430594', 1, 4.00, '', '无', '分配角色权限', '', 3, 'enable', 0, NULL),
	('1663724386382909440', 'admin', '2023-05-31 09:49:38.875000', 0, NULL, NULL, NULL, '', '5129710648430595', 1, 1.00, '', '无', '添加菜单', '', 3, 'add', 0, NULL),
	('1663724413914320896', 'admin', '2023-05-31 09:49:45.442000', 0, NULL, NULL, NULL, '', '5129710648430595', 1, 2.00, '', '无', '编辑菜单', '', 3, 'edit', 0, NULL),
	('1663724441433149440', 'admin', '2023-05-31 09:49:52.003000', 0, NULL, NULL, NULL, '', '5129710648430595', 1, 3.00, '', '无', '删除菜单', '', 3, 'delete', 0, NULL),
	('1663724628767543296', 'admin', '2023-05-31 09:50:36.667000', 0, NULL, NULL, NULL, '', '56309618086776832', 1, 1.00, '', '无', '上传文件', '', 3, 'add', 0, NULL),
	('1663724665174102016', 'admin', '2023-05-31 09:50:45.348000', 0, NULL, NULL, NULL, '', '56309618086776832', 1, 2.00, '', '无', '删除文件', '', 3, 'delete', 0, NULL),
	('1663724779984785408', 'admin', '2023-05-31 09:51:12.719000', 0, NULL, NULL, NULL, '', '1530689602321518592', 1, 1.00, '', '无', '添加数据字典', '', 3, 'add', 0, NULL),
	('1663724805096083456', 'admin', '2023-05-31 09:51:18.707000', 0, NULL, NULL, NULL, '', '1530689602321518592', 1, 2.00, '', '无', '编辑数据字典', '', 3, 'edit', 0, NULL),
	('1663724828114423808', 'admin', '2023-05-31 09:51:24.196000', 0, NULL, NULL, NULL, '', '1530689602321518592', 1, 3.00, '', '无', '删除数据字典', '', 3, 'delete', 0, NULL),
	('1663726175089987584', 'admin', '2023-05-31 09:56:45.338000', 0, NULL, NULL, NULL, '', '56309618086776832', 1, 3.00, '', '无', '文件存储配置', '', 3, 'enable', 0, NULL),
	('40238597734928384', '', '2022-03-20 09:46:20.000000', 0, 'admin', '2023-07-30 10:54:05.040000', '', 'department-admin', '1464484663442673664', 0, 2.00, 'roster/department/department', 'dep', '分公司管理', 'md-git-branch', 2, '', 0, b'1'),
	('41363147411427328', '', '2022-03-20 09:46:20.000000', 0, 'admin', '2022-05-21 14:15:44.000000', '', 'log-manage', '1464484663442673664', 0, 6.00, 'log/log/index', 'log', '日志管理', 'md-list-box', 2, '', 0, b'1'),
	('5129710648430593', '', '2022-03-20 09:46:20.000000', 0, 'admin', '2022-03-20 09:46:20.000000', '', 'user-admin', '1464484663442673664', 0, 1.00, 'roster/user/user', 'user', '用户管理', 'md-person', 2, '', 0, b'1'),
	('5129710648430594', '', '2022-03-20 09:46:20.000000', 0, 'admin', '2022-06-14 11:23:18.000000', '', 'role-manage', '1464484663442673664', 0, 3.00, 'role/role/index', 'role', '角色管理', 'md-contacts', 2, '', 0, b'1'),
	('5129710648430595', '', '2022-03-20 09:46:20.000000', 0, 'admin', '2022-06-14 11:23:13.000000', '', 'menu-manage', '1464484663442673664', 0, 4.00, 'menu/menu/index', 'menu', '菜单管理', 'md-menu', 2, '', 0, b'1'),
	('56309618086776832', '', '2022-03-20 09:46:20.000000', 0, 'admin', '2022-05-29 07:18:02.000000', '', 'file-admin', '1464484663442673664', 0, 5.00, 'file/file/index', 'file', '文件管理', 'ios-folder', 2, '', 0, b'1');

DROP TABLE IF EXISTS `a_project`;
CREATE TABLE IF NOT EXISTS `a_project` (
  `id` varchar(255) COLLATE utf8mb3_croatian_ci NOT NULL,
  `create_by` varchar(255) COLLATE utf8mb3_croatian_ci DEFAULT NULL,
  `create_time` datetime(6) DEFAULT NULL,
  `del_flag` int NOT NULL,
  `update_by` varchar(255) COLLATE utf8mb3_croatian_ci DEFAULT NULL,
  `update_time` datetime(6) DEFAULT NULL,
  `data1` varchar(255) COLLATE utf8mb3_croatian_ci DEFAULT NULL,
  `data10` varchar(255) COLLATE utf8mb3_croatian_ci DEFAULT NULL,
  `data11` varchar(255) COLLATE utf8mb3_croatian_ci DEFAULT NULL,
  `data12` varchar(255) COLLATE utf8mb3_croatian_ci DEFAULT NULL,
  `data13` varchar(255) COLLATE utf8mb3_croatian_ci DEFAULT NULL,
  `data14` varchar(255) COLLATE utf8mb3_croatian_ci DEFAULT NULL,
  `data15` varchar(255) COLLATE utf8mb3_croatian_ci DEFAULT NULL,
  `data16` varchar(255) COLLATE utf8mb3_croatian_ci DEFAULT NULL,
  `data17` varchar(255) COLLATE utf8mb3_croatian_ci DEFAULT NULL,
  `data18` varchar(255) COLLATE utf8mb3_croatian_ci DEFAULT NULL,
  `data19` varchar(255) COLLATE utf8mb3_croatian_ci DEFAULT NULL,
  `data2` varchar(255) COLLATE utf8mb3_croatian_ci DEFAULT NULL,
  `data20` varchar(255) COLLATE utf8mb3_croatian_ci DEFAULT NULL,
  `data21` varchar(255) COLLATE utf8mb3_croatian_ci DEFAULT NULL,
  `data22` varchar(255) COLLATE utf8mb3_croatian_ci DEFAULT NULL,
  `data23` varchar(255) COLLATE utf8mb3_croatian_ci DEFAULT NULL,
  `data24` varchar(255) COLLATE utf8mb3_croatian_ci DEFAULT NULL,
  `data25` varchar(255) COLLATE utf8mb3_croatian_ci DEFAULT NULL,
  `data26` varchar(255) COLLATE utf8mb3_croatian_ci DEFAULT NULL,
  `data27` varchar(255) COLLATE utf8mb3_croatian_ci DEFAULT NULL,
  `data28` varchar(255) COLLATE utf8mb3_croatian_ci DEFAULT NULL,
  `data29` varchar(255) COLLATE utf8mb3_croatian_ci DEFAULT NULL,
  `data3` varchar(255) COLLATE utf8mb3_croatian_ci DEFAULT NULL,
  `data30` varchar(255) COLLATE utf8mb3_croatian_ci DEFAULT NULL,
  `data31` varchar(255) COLLATE utf8mb3_croatian_ci DEFAULT NULL,
  `data32` varchar(255) COLLATE utf8mb3_croatian_ci DEFAULT NULL,
  `data33` varchar(255) COLLATE utf8mb3_croatian_ci DEFAULT NULL,
  `data34` varchar(255) COLLATE utf8mb3_croatian_ci DEFAULT NULL,
  `data35` varchar(255) COLLATE utf8mb3_croatian_ci DEFAULT NULL,
  `data36` varchar(255) COLLATE utf8mb3_croatian_ci DEFAULT NULL,
  `data37` varchar(255) COLLATE utf8mb3_croatian_ci DEFAULT NULL,
  `data38` varchar(255) COLLATE utf8mb3_croatian_ci DEFAULT NULL,
  `data39` varchar(255) COLLATE utf8mb3_croatian_ci DEFAULT NULL,
  `data4` varchar(255) COLLATE utf8mb3_croatian_ci DEFAULT NULL,
  `data40` varchar(255) COLLATE utf8mb3_croatian_ci DEFAULT NULL,
  `data41` varchar(255) COLLATE utf8mb3_croatian_ci DEFAULT NULL,
  `data42` varchar(255) COLLATE utf8mb3_croatian_ci DEFAULT NULL,
  `data43` varchar(255) COLLATE utf8mb3_croatian_ci DEFAULT NULL,
  `data44` varchar(255) COLLATE utf8mb3_croatian_ci DEFAULT NULL,
  `data45` varchar(255) COLLATE utf8mb3_croatian_ci DEFAULT NULL,
  `data46` varchar(255) COLLATE utf8mb3_croatian_ci DEFAULT NULL,
  `data47` varchar(255) COLLATE utf8mb3_croatian_ci DEFAULT NULL,
  `data48` varchar(255) COLLATE utf8mb3_croatian_ci DEFAULT NULL,
  `data49` varchar(255) COLLATE utf8mb3_croatian_ci DEFAULT NULL,
  `data5` varchar(255) COLLATE utf8mb3_croatian_ci DEFAULT NULL,
  `data50` varchar(255) COLLATE utf8mb3_croatian_ci DEFAULT NULL,
  `data51` varchar(255) COLLATE utf8mb3_croatian_ci DEFAULT NULL,
  `data52` varchar(255) COLLATE utf8mb3_croatian_ci DEFAULT NULL,
  `data53` varchar(255) COLLATE utf8mb3_croatian_ci DEFAULT NULL,
  `data54` varchar(255) COLLATE utf8mb3_croatian_ci DEFAULT NULL,
  `data55` varchar(255) COLLATE utf8mb3_croatian_ci DEFAULT NULL,
  `data56` varchar(255) COLLATE utf8mb3_croatian_ci DEFAULT NULL,
  `data57` varchar(255) COLLATE utf8mb3_croatian_ci DEFAULT NULL,
  `data58` varchar(255) COLLATE utf8mb3_croatian_ci DEFAULT NULL,
  `data59` varchar(255) COLLATE utf8mb3_croatian_ci DEFAULT NULL,
  `data6` varchar(255) COLLATE utf8mb3_croatian_ci DEFAULT NULL,
  `data60` varchar(255) COLLATE utf8mb3_croatian_ci DEFAULT NULL,
  `data61` varchar(255) COLLATE utf8mb3_croatian_ci DEFAULT NULL,
  `data62` varchar(255) COLLATE utf8mb3_croatian_ci DEFAULT NULL,
  `data63` varchar(255) COLLATE utf8mb3_croatian_ci DEFAULT NULL,
  `data64` varchar(255) COLLATE utf8mb3_croatian_ci DEFAULT NULL,
  `data65` varchar(255) COLLATE utf8mb3_croatian_ci DEFAULT NULL,
  `data7` varchar(255) COLLATE utf8mb3_croatian_ci DEFAULT NULL,
  `data8` varchar(255) COLLATE utf8mb3_croatian_ci DEFAULT NULL,
  `data9` varchar(255) COLLATE utf8mb3_croatian_ci DEFAULT NULL,
  PRIMARY KEY (`id`)
) ENGINE=InnoDB DEFAULT CHARSET=utf8mb3 COLLATE=utf8mb3_croatian_ci;

DELETE FROM `a_project`;
INSERT INTO `a_project` (`id`, `create_by`, `create_time`, `del_flag`, `update_by`, `update_time`, `data1`, `data10`, `data11`, `data12`, `data13`, `data14`, `data15`, `data16`, `data17`, `data18`, `data19`, `data2`, `data20`, `data21`, `data22`, `data23`, `data24`, `data25`, `data26`, `data27`, `data28`, `data29`, `data3`, `data30`, `data31`, `data32`, `data33`, `data34`, `data35`, `data36`, `data37`, `data38`, `data39`, `data4`, `data40`, `data41`, `data42`, `data43`, `data44`, `data45`, `data46`, `data47`, `data48`, `data49`, `data5`, `data50`, `data51`, `data52`, `data53`, `data54`, `data55`, `data56`, `data57`, `data58`, `data59`, `data6`, `data60`, `data61`, `data62`, `data63`, `data64`, `data65`, `data7`, `data8`, `data9`) VALUES
	('1624597861897474048', 'admin', '2023-02-12 10:34:48.000000', 0, 'user9', '2023-02-12 16:09:48.233000', '浙江BB有限公司', 'Wed Feb 08 2023 00:00:00 GMT+0800 (中国标准时间)', 'Mon Jan 30 2023 00:00:00 GMT+0800 (中国标准时间)', '浙江分公司', '浙江技术', 'Thu Feb 16 2023 00:00:00 GMT+0800 (中国标准时间)', '10', '正常', '否', '1', '2', '1', '3', '4', '2023-02-07', 'http://127.0.0.1:8080/zwz/file/view/1624681216517214208', '2023-02-09', '2023-02-08', '11', '2023-02-09', '在做', '', '1', '2023-02-13', '完成', '', '7', '111', '444', '33', '2023-02-08', '11', '整改', '测试工程A', '111', 'http://127.0.0.1:8080/zwz/file/view/1624681759763468288', '整改', '111', '', '已通气', '2023-02-28', '4', '10', '10', '1', '1111', '2023-02-08', '2023-01-31', '审核完成', '2023-01-30', '2023-02-08', '2023-02-15', '10', '111', '2023-01-31', '1', '2023-02-09', '2023-02-01', '2023-02-08', '111', '2023-02-09', '111', '居民', '零散户', '球阀'),
	('1624597861897474049', 'admin', '2023-02-12 10:34:48.000000', 0, 'user2', '2023-02-12 16:07:26.915000', '浙江BB有限公司', '2023-02-08', '2023-01-30', '浙江分公司', '浙江技术', '2023-02-16', '10', '正常', '否', '1', '22', '1', '33', '44', '2023-02-01', '', '2023-01-31', '2023-02-09', '11', '2023-03-01', '整理', '', '1', '2023-02-22', '完成', '', '8', '11', '66', '777', '2023-02-08', '111', '', '测试工程B', '', '', '', '', '', '', '', '', '', '', '1', '', '', '', '', '', '', '', '', '', '', '1', '', '', '', '', '', '', '居民', '零散户', '球阀'),
	('1624597861897474050', 'admin', '2023-02-12 10:34:48.000000', 0, 'admin', '2023-02-12 14:37:19.449000', '浙江BB有限公司', '2023-02-08', '2023-01-30', '浙江分公司', '浙江技术', '2023-02-16', '10', '正常', '否', '1', '', '1', '', '', '', '', '', '', '', '', '', '', '1', '', '', '', '', '', '', '', '', '', '合格', '测试工程C', '1', '', '合格', '1', '', '已通气', '2023-02-14', '10', '10', '10', '1', '1', NULL, NULL, NULL, NULL, NULL, NULL, NULL, NULL, NULL, '1', NULL, NULL, NULL, NULL, NULL, NULL, '居民', '零散户', '球阀'),
	('1624597861897474051', 'admin', '2023-02-12 10:34:48.000000', 0, 'admin', '2023-02-12 15:22:26.561000', '浙江BB有限公司', '2023-02-08', '2023-01-30', '浙江分公司', '浙江技术', '2023-02-16', '10', '正常', '否', '1', '', '1', '', '', '', '', '', '', '', '', '', '', '1', '', '', '', '', '', '', '', '', '', '', '测试工程D', '', '', '', '', '', '', '', '', '', '', '1', '', '2023-02-07', '2023-02-09', '正在审核', '2023-02-23', '2023-02-22', '2023-02-15', '10', '11', '2023-03-09', '1', '2023-02-22', '2023-02-15', '2023-02-09', '22', '', '', '居民', '零散户', '球阀'),
	('1624597861897474052', 'admin', '2023-02-12 10:34:48.000000', 0, 'admin', '2023-02-12 15:20:43.491000', '浙江BB有限公司', '2023-02-08', '2023-01-30', '浙江分公司', '浙江技术', '2023-02-16', '10', '正常', '否', '1', '', '1', '', '', '', '', '', '', '', '', '', '', '1', '', '', '', '', '', '', '', '', '', '', '测试工程E', '', '', '', '', '', '', '', '', '', '', '1', '', '', '', '', '', '', '', '', '', '2023-02-02', '1', '2023-02-09', '2023-02-08', '2023-02-06', '11', '', '', '居民', '零散户', '球阀'),
	('1624597861897474053', 'admin', '2023-02-12 10:34:48.000000', 0, 'admin', '2023-02-12 15:24:21.986000', '浙江BB有限公司', '2023-02-08', '2023-01-30', '浙江分公司', '浙江技术', '2023-02-16', '10', '正常', '否', '1', '', '1', '', '', '', '', '', '', '', '', '', '', '1', '', '', '', '', '', '', '', '', '', '', '测试工程F', '', '', '', '', '', '', '', '', '', '', '1', '', '', '', '', '', '', '', '', '', '', '1', '', '', '', '', '2023-02-15', '333', '居民', '零散户', '球阀'),
	('1624597861897474054', 'admin', '2023-02-12 10:34:48.000000', 0, 'admin', '2023-02-12 13:57:05.468000', '浙江BB有限公司', '2023-02-08', '2023-01-30', '浙江分公司', '浙江技术', '2023-02-16', '10', '正常', '否', '1', '', '1', '', '', '', '', '', '', '', '', '', '', '1', '', '', '', '', '', '1', '2', '2023-02-17', '11', NULL, '测试工程G', NULL, NULL, NULL, NULL, NULL, NULL, NULL, NULL, NULL, NULL, '1', NULL, NULL, NULL, NULL, NULL, NULL, NULL, NULL, NULL, NULL, '1', NULL, NULL, NULL, NULL, NULL, NULL, '居民', '零散户', '球阀'),
	('1624597861897474055', 'admin', '2023-02-12 10:34:48.000000', 0, 'user1', '2023-02-12 15:55:08.353000', '浙江BB有限公司', '2023-02-08', '2023-01-30', '浙江分公司', '浙江技术', '2023-02-16', '10', '正常', '否', '1', '1', '1', '1', '1', '2023-02-15', '', '2023-02-15', '2023-02-15', '1', '2023-02-21', '整理', '', '1', '2023-02-08', '完成', '', '6', '111', '3', '3', '', '', '', '测试工程H', '', '', '', '', '', '', '', '', '', '', '1', '', '', '', '', '', '', '', '', '', '', '1', '', '', '', '', '', '', '居民', '零散户', '球阀'),
	('1624680941765136384', 'admin', '2023-02-12 16:04:56.000000', 0, 'admin', '2023-02-12 16:05:14.683000', '浙江BB有限公司', '2023-02-01', '2023-02-09', '浙江分公司', '浙江技术', '2023-01-31', '10', '删除', '否', '111333', '', '1', '', '', '', '', '', '', '', '', '', '', '2', '', '', '', '', '', '', '', '', '', '', '3', '', '', '', '', '', '', '', '', '', '', '4', '', '', '', '', '', '', '', '', '', '', '5', '', '', '', '', '', '', '居民', '非零散户', '低压'),
	('1624682446018711552', 'user1', '2023-02-12 16:10:54.969000', 0, 'admin', '2023-02-12 16:11:09.888000', '浙江DD有限公司', '2023-02-15', '2023-02-01', '浙江分公司', '浙江技术', '2023-02-28', '8', '正常', '否', '22', NULL, '22', NULL, NULL, NULL, NULL, NULL, NULL, NULL, NULL, NULL, NULL, '2', NULL, NULL, NULL, NULL, NULL, NULL, NULL, NULL, NULL, NULL, '2', NULL, NULL, NULL, NULL, NULL, NULL, NULL, NULL, NULL, NULL, '2', NULL, NULL, NULL, NULL, NULL, NULL, NULL, NULL, NULL, NULL, '2', NULL, NULL, NULL, NULL, NULL, NULL, '居民', '非零散户', '低压'),
	('1624682662750982144', 'user7', '2023-02-12 16:11:46.000000', 0, 'admin', '2023-02-12 16:12:08.676000', '浙江DD有限公司', '2023-02-08', '2023-02-08', '江苏分公司', '江苏技术', '2023-01-31', '8', '正常', '否', '555', '', '2', '', '', '', '', '', '', '', '', '', '', '2', '', '', '', '', '', '', '', '', '', '', '2', '', '', '', '', '', '', '', '', '', '', '2', '', '', '', '', '', '', '', '', '', '', '2', '', '', '', '', '', '', '非居民', '商业', '球阀');

DROP TABLE IF EXISTS `a_role`;
CREATE TABLE IF NOT EXISTS `a_role` (
  `id` varchar(255) NOT NULL,
  `create_by` varchar(255) DEFAULT NULL,
  `create_time` datetime(6) DEFAULT NULL,
  `update_by` varchar(255) DEFAULT NULL,
  `update_time` datetime(6) DEFAULT NULL,
  `name` varchar(255) DEFAULT NULL,
  `del_flag` int NOT NULL,
  `default_role` bit(1) DEFAULT NULL,
  `description` varchar(255) DEFAULT NULL,
  `data_type` int NOT NULL,
  PRIMARY KEY (`id`)
) ENGINE=InnoDB DEFAULT CHARSET=utf8mb3;

DELETE FROM `a_role`;
INSERT INTO `a_role` (`id`, `create_by`, `create_time`, `update_by`, `update_time`, `name`, `del_flag`, `default_role`, `description`, `data_type`) VALUES
	('1536606659751841795', '', '2022-03-20 09:46:20.000000', 'admin', '2022-03-20 09:46:20.000000', 'ROLE_USER', 0, b'0', '用户服务部', 0),
	('1536606659751841799', '', '2022-03-20 09:46:20.000000', 'admin', '2022-03-20 09:46:20.000000', 'ROLE_ADMIN', 0, b'0', '超级管理员', 0),
	('1624586287929495552', 'admin', '2023-02-12 09:48:49.000000', 'admin', '2023-02-12 09:49:12.000000', 'ROLE_SON1', 0, b'0', '分公司技术员（施工单位）', 0),
	('1624586441982087168', 'admin', '2023-02-12 09:49:26.000000', 'admin', '2022-03-20 09:46:20.000000', 'ROLE_SON2', 0, b'0', '分公司材料员（施工单位）', 0),
	('1624586484180979712', 'admin', '2023-02-12 09:49:36.000000', 'admin', '2022-03-20 09:46:20.000000', 'ROLE_SAFE', 0, b'0', '安全质量部', 0),
	('1624586527529111552', 'admin', '2023-02-12 09:49:46.000000', 'admin', '2022-03-20 09:46:20.000000', 'ROLE_DEV', 0, b'0', '技术设备部', 0),
	('1624586564212494336', 'admin', '2023-02-12 09:49:55.000000', 'admin', '2022-03-20 09:46:20.000000', 'ROLE_SALE', 0, b'0', '经营计划部', 0),
	('1624586598433820672', 'admin', '2023-02-12 09:50:03.000000', 'admin', '2022-03-20 09:46:20.000000', 'ROLE_CW', 0, b'0', '财务部', 0),
	('1624586663596527616', 'admin', '2023-02-12 09:50:19.000000', 'admin', '2022-03-20 09:46:20.000000', 'ROLE_LOOK', 0, b'1', '查询者', 0);

DROP TABLE IF EXISTS `a_role_permission`;
CREATE TABLE IF NOT EXISTS `a_role_permission` (
  `id` varchar(255) NOT NULL,
  `create_by` varchar(255) DEFAULT NULL,
  `create_time` datetime(6) DEFAULT NULL,
  `del_flag` int NOT NULL,
  `update_by` varchar(255) DEFAULT NULL,
  `update_time` datetime(6) DEFAULT NULL,
  `permission_id` varchar(255) DEFAULT NULL,
  `role_id` varchar(255) DEFAULT NULL,
  PRIMARY KEY (`id`)
) ENGINE=InnoDB DEFAULT CHARSET=utf8mb3;

DELETE FROM `a_role_permission`;
INSERT INTO `a_role_permission` (`id`, `create_by`, `create_time`, `del_flag`, `update_by`, `update_time`, `permission_id`, `role_id`) VALUES
	('1464514325862551552', 'admin', '2022-03-20 09:46:20.000000', 0, 'admin', '2022-03-20 09:46:20.000000', '125909152017944576', '1536606659751841799'),
	('1464514325862551553', 'admin', '2022-03-20 09:46:20.000000', 0, 'admin', '2022-03-20 09:46:20.000000', '1464484663442673664', '1536606659751841799'),
	('1464514325862551554', 'admin', '2022-03-20 09:46:20.000000', 0, 'admin', '2022-03-20 09:46:20.000000', '5129710648430593', '1536606659751841799'),
	('1464514325862551564', 'admin', '2022-03-20 09:46:20.000000', 0, 'admin', '2022-03-20 09:46:20.000000', '40238597734928384', '1536606659751841799'),
	('1464514325862551569', 'admin', '2022-03-20 09:46:20.000000', 0, 'admin', '2022-03-20 09:46:20.000000', '56309618086776832', '1536606659751841799'),
	('1464514325862551584', 'admin', '2022-03-20 09:46:20.000000', 0, 'admin', '2022-03-20 09:46:20.000000', '5129710648430594', '1536606659751841799'),
	('1464514325862551590', 'admin', '2022-03-20 09:46:20.000000', 0, 'admin', '2022-03-20 09:46:20.000000', '5129710648430595', '1536606659751841799'),
	('1464514325862551595', 'admin', '2022-03-20 09:46:20.000000', 0, 'admin', '2022-03-20 09:46:20.000000', '41363147411427328', '1536606659751841799'),
	('1530689747004035072', 'admin', '2022-05-29 07:17:29.000000', 0, NULL, NULL, '1530689602321518592', '1536606659751841799'),
	('1536600292156641281', 'admin', '2022-06-14 14:43:53.000000', 0, NULL, NULL, '1536599942410407936', '1536606659751841799'),
	('1536600292173418496', 'admin', '2022-06-14 14:43:53.000000', 0, NULL, NULL, '1536600125332393984', '1536606659751841799'),
	('1536600292186001408', 'admin', '2022-06-14 14:43:53.000000', 0, NULL, NULL, '1536600268379131904', '1536606659751841799'),
	('1536604439178252292', 'admin', '2022-06-14 15:00:22.000000', 0, NULL, NULL, '1536604417711804416', '1536606659751841799'),
	('1536606659718287364', 'admin', '2022-06-14 15:09:11.000000', 0, NULL, NULL, '1536606273959759872', '1536606659751841799'),
	('1536606659730870272', 'admin', '2022-06-14 15:09:11.000000', 0, NULL, NULL, '1536606372668510208', '1536606659751841799'),
	('1536606659735064576', 'admin', '2022-06-14 15:09:11.000000', 0, NULL, NULL, '1536606464712511488', '1536606659751841799'),
	('1536606659743453184', 'admin', '2022-06-14 15:09:11.000000', 0, NULL, NULL, '1536606550951596032', '1536606659751841799'),
	('1536606659751841792', 'admin', '2022-06-14 15:09:11.000000', 0, NULL, NULL, '1536606637815631872', '1536606659751841799'),
	('1536875525769924610', 'admin', '2022-06-15 08:57:34.000000', 0, NULL, NULL, '1536875505901506560', '1536606659751841799'),
	('1663723894789509121', 'admin', '2023-05-31 09:47:41.676000', 0, NULL, NULL, '1663723467998105600', '1536606659751841799'),
	('1663723894827257856', 'admin', '2023-05-31 09:47:41.681000', 0, NULL, NULL, '1663723511849553920', '1536606659751841799'),
	('1663723894848229376', 'admin', '2023-05-31 09:47:41.686000', 0, NULL, NULL, '1663723538621796352', '1536606659751841799'),
	('1663725019009781777', 'admin', '2023-05-31 09:52:09.706000', 0, NULL, NULL, '1663724125664972800', '1536606659751841799'),
	('1663725019018170368', 'admin', '2023-05-31 09:52:09.707000', 0, NULL, NULL, '1663724149731889152', '1536606659751841799'),
	('1663725019022364672', 'admin', '2023-05-31 09:52:09.709000', 0, NULL, NULL, '1663724174398590976', '1536606659751841799'),
	('1663725019030753280', 'admin', '2023-05-31 09:52:09.710000', 0, NULL, NULL, '1663724230593875968', '1536606659751841799'),
	('1663725019034947584', 'admin', '2023-05-31 09:52:09.712000', 0, NULL, NULL, '1663724255319298048', '1536606659751841799'),
	('1663725019039141888', 'admin', '2023-05-31 09:52:09.713000', 0, NULL, NULL, '1663724279579152384', '1536606659751841799'),
	('1663725019047530496', 'admin', '2023-05-31 09:52:09.714000', 0, NULL, NULL, '1663724334755221504', '1536606659751841799'),
	('1663725019051724800', 'admin', '2023-05-31 09:52:09.716000', 0, NULL, NULL, '1663724386382909440', '1536606659751841799'),
	('1663725019055919104', 'admin', '2023-05-31 09:52:09.717000', 0, NULL, NULL, '1663724413914320896', '1536606659751841799'),
	('1663725019060113408', 'admin', '2023-05-31 09:52:09.718000', 0, NULL, NULL, '1663724441433149440', '1536606659751841799'),
	('1663725019064307712', 'admin', '2023-05-31 09:52:09.719000', 0, NULL, NULL, '1663724628767543296', '1536606659751841799'),
	('1663725019072696320', 'admin', '2023-05-31 09:52:09.720000', 0, NULL, NULL, '1663724665174102016', '1536606659751841799'),
	('1663725019076890624', 'admin', '2023-05-31 09:52:09.721000', 0, NULL, NULL, '1663724779984785408', '1536606659751841799'),
	('1663725019081084928', 'admin', '2023-05-31 09:52:09.723000', 0, NULL, NULL, '1663724805096083456', '1536606659751841799'),
	('1663725019085279232', 'admin', '2023-05-31 09:52:09.724000', 0, NULL, NULL, '1663724828114423808', '1536606659751841799'),
	('1663726203963576322', 'admin', '2023-05-31 09:56:52.221000', 0, NULL, NULL, '1663726175089987584', '1536606659751841799'),
	('1663726279024840704', 'admin', '2023-05-31 09:57:10.117000', 0, NULL, NULL, '125909152017944576', '1536606659751841795'),
	('1685484567252832276', 'admin', '2023-07-30 10:56:50.282000', 0, NULL, NULL, '1624585360052981760', '1536606659751841795'),
	('1685484567269609472', 'admin', '2023-07-30 10:56:50.284000', 0, NULL, NULL, '1624586079917182976', '1536606659751841795'),
	('1685484567277998080', 'admin', '2023-07-30 10:56:50.287000', 0, NULL, NULL, '1624612711029673984', '1536606659751841795'),
	('1685484666217435136', 'admin', '2023-07-30 10:57:13.876000', 0, NULL, NULL, '125909152017944576', '1624586287929495552'),
	('1685484666230018048', 'admin', '2023-07-30 10:57:13.878000', 0, NULL, NULL, '1624604152837574656', '1624586287929495552'),
	('1685484666238406656', 'admin', '2023-07-30 10:57:13.881000', 0, NULL, NULL, '1624604373428604928', '1624586287929495552'),
	('1685484666255183872', 'admin', '2023-07-30 10:57:13.884000', 0, NULL, NULL, '1624644356495511552', '1624586287929495552'),
	('1685484695745335296', 'admin', '2023-07-30 10:57:20.915000', 0, NULL, NULL, '125909152017944576', '1624586441982087168'),
	('1685484695757918208', 'admin', '2023-07-30 10:57:20.918000', 0, NULL, NULL, '1624604206222675968', '1624586441982087168'),
	('1685484695766306816', 'admin', '2023-07-30 10:57:20.920000', 0, NULL, NULL, '1624644670149758976', '1624586441982087168'),
	('1685484730943934464', 'admin', '2023-07-30 10:57:29.307000', 0, NULL, NULL, '125909152017944576', '1624586598433820672'),
	('1685484730952323072', 'admin', '2023-07-30 10:57:29.310000', 0, NULL, NULL, '1624668912388018176', '1624586598433820672'),
	('1685484730964905984', 'admin', '2023-07-30 10:57:29.312000', 0, NULL, NULL, '1624669064733528064', '1624586598433820672'),
	('1685484754360733696', 'admin', '2023-07-30 10:57:34.890000', 0, NULL, NULL, '125909152017944576', '1624586564212494336'),
	('1685484754369122304', 'admin', '2023-07-30 10:57:34.892000', 0, NULL, NULL, '1624668163968995328', '1624586564212494336'),
	('1685484754377510912', 'admin', '2023-07-30 10:57:34.894000', 0, NULL, NULL, '1624668689389457408', '1624586564212494336'),
	('1685484803815772160', 'admin', '2023-07-30 10:57:46.682000', 0, NULL, NULL, '125909152017944576', '1624586527529111552'),
	('1685484803828355072', 'admin', '2023-07-30 10:57:46.684000', 0, NULL, NULL, '1624659830486732800', '1624586527529111552'),
	('1685484803836743680', 'admin', '2023-07-30 10:57:46.687000', 0, NULL, NULL, '1624659942197825536', '1624586527529111552'),
	('1685484826427265024', 'admin', '2023-07-30 10:57:52.072000', 0, NULL, NULL, '125909152017944576', '1624586484180979712'),
	('1685484826435653632', 'admin', '2023-07-30 10:57:52.074000', 0, NULL, NULL, '1624649875155193856', '1624586484180979712'),
	('1685484826444042240', 'admin', '2023-07-30 10:57:52.076000', 0, NULL, NULL, '1624649951734796288', '1624586484180979712'),
	('1685484884795199489', 'admin', '2023-07-30 10:58:05.988000', 0, NULL, NULL, '1624585360052981760', '1536606659751841799'),
	('1685484884803588096', 'admin', '2023-07-30 10:58:05.989000', 0, NULL, NULL, '1624586079917182976', '1536606659751841799'),
	('1685484884807782400', 'admin', '2023-07-30 10:58:05.991000', 0, NULL, NULL, '1624612711029673984', '1536606659751841799'),
	('1685484884811976704', 'admin', '2023-07-30 10:58:05.992000', 0, NULL, NULL, '1624604152837574656', '1536606659751841799'),
	('1685484884816171008', 'admin', '2023-07-30 10:58:05.993000', 0, NULL, NULL, '1624604373428604928', '1536606659751841799'),
	('1685484884824559616', 'admin', '2023-07-30 10:58:05.995000', 0, NULL, NULL, '1624644356495511552', '1536606659751841799'),
	('1685484884828753920', 'admin', '2023-07-30 10:58:05.996000', 0, NULL, NULL, '1624604206222675968', '1536606659751841799'),
	('1685484884832948224', 'admin', '2023-07-30 10:58:05.997000', 0, NULL, NULL, '1624644670149758976', '1536606659751841799'),
	('1685484884841336832', 'admin', '2023-07-30 10:58:05.998000', 0, NULL, NULL, '1624649875155193856', '1536606659751841799'),
	('1685484884845531136', 'admin', '2023-07-30 10:58:05.999000', 0, NULL, NULL, '1624649951734796288', '1536606659751841799'),
	('1685484884849725440', 'admin', '2023-07-30 10:58:06.001000', 0, NULL, NULL, '1624659830486732800', '1536606659751841799'),
	('1685484884858114048', 'admin', '2023-07-30 10:58:06.003000', 0, NULL, NULL, '1624659942197825536', '1536606659751841799'),
	('1685484884866502656', 'admin', '2023-07-30 10:58:06.005000', 0, NULL, NULL, '1624668163968995328', '1536606659751841799'),
	('1685484884874891264', 'admin', '2023-07-30 10:58:06.006000', 0, NULL, NULL, '1624668689389457408', '1536606659751841799'),
	('1685484884879085568', 'admin', '2023-07-30 10:58:06.008000', 0, NULL, NULL, '1624668912388018176', '1536606659751841799'),
	('1685484884883279872', 'admin', '2023-07-30 10:58:06.009000', 0, NULL, NULL, '1624669064733528064', '1536606659751841799');

DROP TABLE IF EXISTS `a_setting`;
CREATE TABLE IF NOT EXISTS `a_setting` (
  `id` varchar(255) NOT NULL,
  `create_by` varchar(255) DEFAULT NULL,
  `create_time` datetime(6) DEFAULT NULL,
  `del_flag` int NOT NULL,
  `update_by` varchar(255) DEFAULT NULL,
  `update_time` datetime(6) DEFAULT NULL,
  `value` varchar(255) DEFAULT NULL,
  PRIMARY KEY (`id`)
) ENGINE=InnoDB DEFAULT CHARSET=utf8mb3;

DELETE FROM `a_setting`;
INSERT INTO `a_setting` (`id`, `create_by`, `create_time`, `del_flag`, `update_by`, `update_time`, `value`) VALUES
	('FILE_HTTP', 'admin', '2023-05-16 14:37:41.000000', 0, 'admin', '2022-05-28 15:57:20.000000', 'http://'),
	('FILE_PATH', 'admin', '2023-05-16 14:37:40.000000', 0, 'admin', '2022-05-28 15:57:19.000000', 'C:\\\\oa-file'),
	('FILE_VIEW', 'admin', '2023-05-16 14:37:40.000000', 0, 'admin', '2022-05-28 15:57:20.000000', '127.0.0.1:8080/zwz/file/view');

DROP TABLE IF EXISTS `a_student`;
CREATE TABLE IF NOT EXISTS `a_student` (
  `id` varchar(255) CHARACTER SET utf8mb3 COLLATE utf8mb3_croatian_ci NOT NULL,
  `create_by` varchar(255) CHARACTER SET utf8mb3 COLLATE utf8mb3_croatian_ci DEFAULT NULL,
  `create_time` datetime(6) DEFAULT NULL,
  `del_flag` int NOT NULL,
  `update_by` varchar(255) CHARACTER SET utf8mb3 COLLATE utf8mb3_croatian_ci DEFAULT NULL,
  `update_time` datetime(6) DEFAULT NULL,
  `name` varchar(255) CHARACTER SET utf8mb3 COLLATE utf8mb3_croatian_ci DEFAULT NULL,
  `number` varchar(255) CHARACTER SET utf8mb3 COLLATE utf8mb3_croatian_ci DEFAULT NULL,
  `school` varchar(255) CHARACTER SET utf8mb3 COLLATE utf8mb3_croatian_ci DEFAULT NULL,
  `sex` varchar(255) CHARACTER SET utf8mb3 COLLATE utf8mb3_croatian_ci DEFAULT NULL,
  `age` decimal(38,2) DEFAULT NULL,
  PRIMARY KEY (`id`)
) ENGINE=InnoDB DEFAULT CHARSET=utf8mb3 COLLATE=utf8mb3_croatian_ci;

DELETE FROM `a_student`;
INSERT INTO `a_student` (`id`, `create_by`, `create_time`, `del_flag`, `update_by`, `update_time`, `name`, `number`, `school`, `sex`, `age`) VALUES
	('1536601255475023872', 'admin', '2022-06-14 14:47:42.637000', 0, NULL, NULL, '张三', '001', '北京大学', '男', 18.00),
	('1536601308352614400', 'admin', '2022-06-14 14:47:55.244000', 0, NULL, NULL, '李四', '002', '清华大学', '女', 19.00),
	('1536601388044390400', 'admin', '2022-06-14 14:48:14.243000', 0, NULL, NULL, '王五', '003', '浙江大学', '男', 20.00),
	('1536601469879455744', 'admin', '2022-06-14 14:48:33.753000', 0, NULL, NULL, '赵六', '004', '宁波大学', '保密', 21.00);

DROP TABLE IF EXISTS `a_teacher`;
CREATE TABLE IF NOT EXISTS `a_teacher` (
  `id` varchar(255) CHARACTER SET utf8mb3 COLLATE utf8mb3_croatian_ci NOT NULL,
  `create_by` varchar(255) CHARACTER SET utf8mb3 COLLATE utf8mb3_croatian_ci DEFAULT NULL,
  `create_time` datetime(6) DEFAULT NULL,
  `del_flag` int NOT NULL,
  `update_by` varchar(255) CHARACTER SET utf8mb3 COLLATE utf8mb3_croatian_ci DEFAULT NULL,
  `update_time` datetime(6) DEFAULT NULL,
  `age` decimal(38,2) DEFAULT NULL,
  `autograph` varchar(255) CHARACTER SET utf8mb3 COLLATE utf8mb3_croatian_ci DEFAULT NULL,
  `education` varchar(255) CHARACTER SET utf8mb3 COLLATE utf8mb3_croatian_ci DEFAULT NULL,
  `graduated` varchar(255) CHARACTER SET utf8mb3 COLLATE utf8mb3_croatian_ci DEFAULT NULL,
  `name` varchar(255) CHARACTER SET utf8mb3 COLLATE utf8mb3_croatian_ci DEFAULT NULL,
  `remark` varchar(255) CHARACTER SET utf8mb3 COLLATE utf8mb3_croatian_ci DEFAULT NULL,
  `status` varchar(255) CHARACTER SET utf8mb3 COLLATE utf8mb3_croatian_ci DEFAULT NULL,
  `wages` decimal(38,2) DEFAULT NULL,
  `resume` varchar(255) CHARACTER SET utf8mb3 COLLATE utf8mb3_croatian_ci DEFAULT NULL,
  PRIMARY KEY (`id`)
) ENGINE=InnoDB DEFAULT CHARSET=utf8mb3 COLLATE=utf8mb3_croatian_ci;

DELETE FROM `a_teacher`;
INSERT INTO `a_teacher` (`id`, `create_by`, `create_time`, `del_flag`, `update_by`, `update_time`, `age`, `autograph`, `education`, `graduated`, `name`, `remark`, `status`, `wages`, `resume`) VALUES
	('1536614275123122176', 'admin', '2022-06-14 15:39:26.000000', 0, 'admin', '2023-05-31 10:05:23.579000', 30.00, 'https://asoa-1305425069.cos.ap-shanghai.myqcloud.com/1669635627773202432.png', '博士', '同济大学', '张三', '测试', '在职', 9960.00, 'https://asoa-1305425069.cos.ap-shanghai.myqcloud.com/1669635627773202432.png'),
	('1536614275123122177', 'admin', '2022-06-14 15:39:26.000000', 0, 'admin', '2022-06-14 15:41:09.841000', 30.00, 'https://asoa-1305425069.cos.ap-shanghai.myqcloud.com/1669635627773202432.png', '本科', '同济大学', '李四', '测试', '在职', 7778.00, 'https://asoa-1305425069.cos.ap-shanghai.myqcloud.com/1669635627773202432.png'),
	('1536614275123122178', 'admin', '2022-06-14 15:39:26.000000', 0, 'admin', '2022-06-14 15:41:09.841000', 30.00, 'https://asoa-1305425069.cos.ap-shanghai.myqcloud.com/1669635627773202432.png', '硕士', '同济大学', '王五', '测试', '在职', 8889.00, 'https://asoa-1305425069.cos.ap-shanghai.myqcloud.com/1669635627773202432.png'),
	('1536614275123122179', 'admin', '2022-06-14 15:39:26.000000', 0, 'admin', '2022-06-14 15:41:09.841000', 30.00, 'https://asoa-1305425069.cos.ap-shanghai.myqcloud.com/1669635627773202432.png', '硕士', '同济大学', '赵六', '测试', '在职', 4445.00, 'https://asoa-1305425069.cos.ap-shanghai.myqcloud.com/1669635627773202432.png'),
	('1536614275123122180', 'admin', '2022-06-14 15:39:26.000000', 0, 'admin', '2022-06-14 15:41:09.841000', 30.00, 'https://asoa-1305425069.cos.ap-shanghai.myqcloud.com/1669635627773202432.png', '专科', '同济大学', '郑七', '测试', '在职', 1118.00, 'https://asoa-1305425069.cos.ap-shanghai.myqcloud.com/1669635627773202432.png'),
	('1536614275123122181', 'admin', '2022-06-14 15:39:26.000000', 0, 'admin', '2022-06-14 15:41:09.841000', 30.00, 'https://asoa-1305425069.cos.ap-shanghai.myqcloud.com/1669635627773202432.png', '专科', '同济大学', '龚八', '测试', '在职', 3337.00, 'https://asoa-1305425069.cos.ap-shanghai.myqcloud.com/1669635627773202432.png');

DROP TABLE IF EXISTS `a_user`;
CREATE TABLE IF NOT EXISTS `a_user` (
  `id` varchar(255) NOT NULL,
  `create_by` varchar(255) DEFAULT NULL,
  `create_time` datetime(6) DEFAULT NULL,
  `update_by` varchar(255) DEFAULT NULL,
  `update_time` datetime(6) DEFAULT NULL,
  `address` varchar(255) DEFAULT NULL,
  `avatar` varchar(255) DEFAULT NULL,
  `description` varchar(255) DEFAULT NULL,
  `email` varchar(255) DEFAULT NULL,
  `mobile` varchar(255) DEFAULT NULL,
  `nickname` varchar(20) NOT NULL,
  `password` varchar(255) DEFAULT NULL,
  `sex` varchar(255) DEFAULT NULL,
  `status` int DEFAULT NULL,
  `type` int DEFAULT NULL,
  `username` varchar(255) DEFAULT NULL,
  `del_flag` int NOT NULL,
  `department_id` varchar(255) DEFAULT NULL,
  `street` varchar(255) DEFAULT NULL,
  `pass_strength` varchar(2) DEFAULT NULL,
  `department_title` varchar(255) DEFAULT NULL,
  `birth` datetime(6) DEFAULT NULL,
  `my_door` varchar(255) DEFAULT NULL,
  PRIMARY KEY (`id`),
  UNIQUE KEY `username` (`username`) USING BTREE,
  UNIQUE KEY `email` (`email`) USING BTREE,
  UNIQUE KEY `mobile` (`mobile`) USING BTREE,
  KEY `create_time` (`create_time`) USING BTREE
) ENGINE=InnoDB DEFAULT CHARSET=utf8mb3;

DELETE FROM `a_user`;
INSERT INTO `a_user` (`id`, `create_by`, `create_time`, `update_by`, `update_time`, `address`, `avatar`, `description`, `email`, `mobile`, `nickname`, `password`, `sex`, `status`, `type`, `username`, `del_flag`, `department_id`, `street`, `pass_strength`, `department_title`, `birth`, `my_door`) VALUES
	('1464764315201572864', '', '2022-03-20 09:46:20.000000', 'admin', '2023-05-31 10:01:43.495000', '["330000","330600","330602"]', 'https://asoa-1305425069.cos.ap-shanghai.myqcloud.com/1669635627773202432.png', '浙江大学', '916077357@qq.com', '17857054388', '管理员', '$2a$10$PS04ecXfknNd3V8d.ymLTObQciapMU4xU8.GADBZZsuTZr7ymnagy', '男', 0, 1, 'admin', 0, '1464487288363945985', '', '弱', '部门A', '2023-05-16 14:36:38.000000', 'user-adminZWZ666department-adminZWZ666file-adminZWZ666role-manageZWZ666menu-manageZWZ666log-manage'),
	('1464764315201572865', '', '2022-03-20 09:46:20.000000', 'admin', '2023-07-30 10:58:53.218000', '["110000","110100","110105"]', 'https://asoa-1305425069.cos.ap-shanghai.myqcloud.com/1669635627773202432.png', '浙江大学', '13600000001@qq.com', '13600000001', '用户服务', '$2a$10$E59nactOiILAzQvfcs0JFOYuZp06d4bLhugEadyQuygpmiLc0W.ha', '女', 0, 0, '13600000001', 0, '1464487288363945985', '', '弱', '部门A', '2023-05-16 14:35:43.000000', ''),
	('1464772465946398721', '', '2022-03-20 09:46:20.000000', 'admin', '2023-07-30 10:59:06.293000', '["110000","110100","110105"]', 'https://asoa-1305425069.cos.ap-shanghai.myqcloud.com/1669635627773202432.png', '浙江大学', '13600000002@qq.com', '13600000002', '分公司技术员', '$2a$10$vJyLo1RhFORH/SAu3sc9aeb37I5JRy5UugaN7fIt/e2vvsz6JWJCm', '女', 0, 0, '13600000002', 0, '1464487288363945985', '', '弱', '部门A', '2023-05-16 14:35:44.000000', ''),
	('1527830053524738048', 'admin', '2022-05-21 09:54:05.000000', 'admin', '2023-07-30 10:59:20.988000', '["110000","110100","110106"]', 'https://asoa-1305425069.cos.ap-shanghai.myqcloud.com/1669635627773202432.png', '浙江大学', '13600000003@qq.com', '13600000003', '分公司材料员', '$2a$10$oeP4aplYnswfQ44pK6lAO.Np9BuPYJGRwo17THO7CUNlIQoVGsPmy', '男', 0, 0, '13600000003', 0, '1464487288363945985', '', '弱', '部门A', '2023-05-16 14:35:44.000000', ''),
	('1685485313058803712', 'admin', '2023-07-30 10:59:48.199000', NULL, NULL, NULL, 'https://asoa-1305425069.cos.ap-shanghai.myqcloud.com/1669635627773202432.png', NULL, '13600000004@qq.com', '13600000004', '安全质量员', '$2a$10$QrCQzBdElZAF3C/TH37fBuCVhNCFTKGMJ26nNQW./W7hZB8Dc5oD2', '男', 0, 0, '13600000004', 0, '1464487288363945985', NULL, '弱', '部门A', NULL, NULL),
	('1685485431552086016', 'admin', '2023-07-30 11:00:16.426000', NULL, NULL, NULL, 'https://asoa-1305425069.cos.ap-shanghai.myqcloud.com/1669635627773202432.png', NULL, '13600000005@qq.com', '13600000005', '技术设备员', '$2a$10$4GF9s9l.uYh8RPxbZ.GU9uunPeykrmC2y5V/w4s4Yf4zxSe.wOzIe', '男', 0, 0, '13600000005', 0, '1464487288363945985', NULL, '弱', '部门A', NULL, NULL),
	('1685485548829020160', 'admin', '2023-07-30 11:00:44.382000', NULL, NULL, NULL, 'https://asoa-1305425069.cos.ap-shanghai.myqcloud.com/1669635627773202432.png', NULL, '13600000006@qq.com', '13600000006', '经营计划员', '$2a$10$W.YaPIFAS5SFGp2w4WFQIuyUwCfmu.zl6TVTYTFNzdT2GA27nPpMm', '男', 0, 0, '13600000006', 0, '1464487288363945985', NULL, '弱', '部门A', NULL, NULL),
	('1685485671671795712', 'admin', '2023-07-30 11:01:13.669000', NULL, NULL, NULL, 'https://asoa-1305425069.cos.ap-shanghai.myqcloud.com/1669635627773202432.png', NULL, '13600000007@qq.com', '13600000007', '财务人员', '$2a$10$T6QuJLudGy4qg213JcfUFuKJyl3xzkC7IsmD98P30KHQ1h3eO87w2', '女', 0, 0, '13600000007', 0, '1464487288363945985', NULL, '弱', '部门A', NULL, NULL),
	('1685485762394591232', 'admin', '2023-07-30 11:01:35.312000', NULL, NULL, NULL, 'https://asoa-1305425069.cos.ap-shanghai.myqcloud.com/1669635627773202432.png', NULL, '13600000008@qq.com', '13600000008', '查询者', '$2a$10$pSAoZ.BzchW7/5qoEyjQxuovURWBmHo0i/Nc7PDIAeuj6nBoLkqWy', '男', 0, 0, '13600000008', 0, '1464487288363945985', NULL, '弱', '部门A', NULL, NULL);

DROP TABLE IF EXISTS `a_user_role`;
CREATE TABLE IF NOT EXISTS `a_user_role` (
  `id` varchar(255) NOT NULL,
  `create_by` varchar(255) DEFAULT NULL,
  `create_time` datetime(6) DEFAULT NULL,
  `del_flag` int NOT NULL,
  `update_by` varchar(255) DEFAULT NULL,
  `update_time` datetime(6) DEFAULT NULL,
  `role_id` varchar(255) DEFAULT NULL,
  `user_id` varchar(255) DEFAULT NULL,
  PRIMARY KEY (`id`)
) ENGINE=InnoDB DEFAULT CHARSET=utf8mb3;

DELETE FROM `a_user_role`;
INSERT INTO `a_user_role` (`id`, `create_by`, `create_time`, `del_flag`, `update_by`, `update_time`, `role_id`, `user_id`) VALUES
	('1464487931975700480', 'admin', '2022-03-20 09:46:20.000000', 0, 'admin', '2022-03-20 09:46:20.000000', '1536606659751841799', '1464764315201572864'),
	('1526802492967489537', NULL, '2022-05-18 13:50:56.000000', 0, NULL, NULL, '1536606659751841795', '1526802492443201536'),
	('1526819095553642497', NULL, '2022-05-18 14:56:54.000000', 0, NULL, NULL, '1536606659751841795', '1526819095159377920'),
	('1685485082908954624', 'admin', '2023-07-30 10:58:53.224000', 0, NULL, NULL, '1536606659751841795', '1464764315201572865'),
	('1685485137745285120', 'admin', '2023-07-30 10:59:06.296000', 0, NULL, NULL, '1624586287929495552', '1464772465946398721'),
	('1685485199384776704', 'admin', '2023-07-30 10:59:20.992000', 0, NULL, NULL, '1624586441982087168', '1527830053524738048'),
	('1685485313507594240', 'admin', '2023-07-30 10:59:48.201000', 0, NULL, NULL, '1624586484180979712', '1685485313058803712'),
	('1685485431900213248', 'admin', '2023-07-30 11:00:16.427000', 0, NULL, NULL, '1624586527529111552', '1685485431552086016'),
	('1685485549156175872', 'admin', '2023-07-30 11:00:44.385000', 0, NULL, NULL, '1624586564212494336', '1685485548829020160'),
	('1685485671994757120', 'admin', '2023-07-30 11:01:13.671000', 0, NULL, NULL, '1624586598433820672', '1685485671671795712'),
	('1685485762772078592', 'admin', '2023-07-30 11:01:35.314000', 0, NULL, NULL, '1624586663596527616', '1685485762394591232');

/*!40103 SET TIME_ZONE=IFNULL(@OLD_TIME_ZONE, 'system') */;
/*!40101 SET SQL_MODE=IFNULL(@OLD_SQL_MODE, '') */;
/*!40014 SET FOREIGN_KEY_CHECKS=IFNULL(@OLD_FOREIGN_KEY_CHECKS, 1) */;
/*!40101 SET CHARACTER_SET_CLIENT=@OLD_CHARACTER_SET_CLIENT */;
/*!40111 SET SQL_NOTES=IFNULL(@OLD_SQL_NOTES, 1) */;
